lat,lng,name,source,osm_type,osm_id
52.277176,21.053379,,osm,node,1495256516
51.656737,19.357251,"hala PTK Pabianice",osm,node,1631444101
49.738879,18.733802,"Boisko do koszykówki w Goleszowie",osm,node,2492003115
49.972618,18.950784,"Hala sportowa",osm,node,2564898764
52.753861,18.251141,"Hala sportowa",osm,node,2793700576
54.607313,18.8023,,osm,node,2892101127
50.764609,23.372825,,osm,node,3074966163
51.366572,17.464982,,osm,node,3431615783
51.956042,15.524082,"Hala Sportowa CRS",osm,node,4356481857
51.431554,21.136508,,osm,node,4492282184
51.734002,19.455363,,osm,node,5001916539
50.170694,19.453595,,osm,node,5041258143
50.0644,22.230888,"Sokół Łańcut",osm,node,5165792000
53.146481,17.958293,,osm,node,6091035369
51.926465,15.526404,,osm,node,6424692232
49.810569,19.073441,,osm,node,6503319126
52.266979,20.996919,,osm,node,6850250913
50.114289,19.380403,,osm,node,7283525082
51.951885,16.198727,,osm,node,7617789175
51.122186,16.970295,,osm,node,7886976388
52.45556,16.910442,,osm,node,8196855940
52.111573,20.639554,"Grodziski Klub Koszykarski",osm,node,8706953057
50.825943,19.109179,,osm,node,8770416625
50.217627,18.612894,,osm,node,8807143123
50.538855,22.710438,,osm,node,8831623929
50.058791,20.053038,,osm,node,8915011058
50.665513,20.558749,,osm,node,9001740386
50.71718,20.671419,,osm,node,9019773347
50.552167,22.72009,,osm,node,9141221697
50.045758,19.913394,,osm,node,9216442140
52.280778,20.974235,,osm,node,9243253100
52.230748,20.969569,"Polski Związek Koszykówki",osm,node,9254648849
50.242533,23.14446,,osm,node,9377220498
50.242689,23.144164,,osm,node,9377220499
50.049477,21.978106,,osm,node,9404699076
52.416483,16.931596,,osm,node,9405396858
54.377335,18.606605,"Sklep Koszykarza",osm,node,9415606981
50.062332,21.982733,,osm,node,9440746757
51.521825,19.997231,,osm,node,9458238206
53.165649,16.748185,,osm,node,9488028177
50.13592,19.425039,,osm,node,9516066765
51.517538,20.228777,,osm,node,9531014717
50.134142,19.38671,,osm,node,9550563698
51.093337,16.985037,,osm,node,9556287417
50.683701,21.501258,,osm,node,9592139173
52.076512,16.662996,,osm,node,9725357855
50.027781,22.008938,,osm,node,9883179794
50.101636,19.398619,,osm,node,9995092903
50.680049,16.61897,,osm,node,10015554396
54.18791,19.411349,,osm,node,10019479725
50.029621,19.923855,,osm,node,10086575525
53.2164,15.766538,,osm,node,10086628383
54.354859,18.648496,,osm,node,10112395223
49.706517,21.749757,,osm,node,10572279203
54.329563,18.549654,,osm,node,10674884076
52.45432,16.850524,,osm,node,10712640409
51.127954,17.031859,,osm,node,10781617226
52.386716,16.982052,,osm,node,10833473558
50.301426,18.844159,,osm,node,10859862333
49.692082,21.775988,"Krośnieński Klub Koszykówki",osm,node,10892646304
54.335311,18.607546,,osm,node,10904087187
54.32602,18.636811,,osm,node,10927544815
54.325697,18.636748,,osm,node,10927544816
51.141774,17.061463,,osm,node,10941963520
50.306123,18.855904,,osm,node,10946716229
50.955669,17.276399,,osm,node,11030602490
51.601131,18.737296,,osm,node,11063083971
50.667496,16.376239,,osm,node,11158911183
51.225377,18.589771,,osm,node,11169780721
50.471923,17.959379,,osm,node,11262392628
52.939371,15.354105,,osm,node,11380253695
54.351789,18.600397,,osm,node,11388686968
54.144471,22.42876,"Kosz do gry w koszykówkę",osm,node,11438404769
54.380312,18.618495,,osm,node,11454000409
54.326147,18.60269,,osm,node,11464462663
54.469748,18.525036,,osm,node,11577560910
54.558755,18.511464,,osm,node,11625055390
50.076619,19.975815,,osm,node,11685149787
54.375814,18.575374,,osm,node,11717236594
50.579009,16.515444,,osm,node,11805053983
54.158693,15.736683,,osm,node,11827095236
50.079448,20.043165,,osm,node,11830969904
54.253081,17.582769,,osm,node,11845458917
51.127457,15.290426,,osm,node,11860484227
51.799254,19.45901,,osm,node,11879353623
53.13681,23.157221,,osm,node,12050979608
50.013701,20.002904,,osm,node,12055451894
54.381483,17.152413,,osm,node,12078787828
51.204207,16.222417,,osm,node,12120586027
54.38341,17.07259,,osm,node,12147280985
51.591422,18.724386,,osm,node,12150115719
51.27185,22.55338,,osm,node,12159895537
53.923024,19.350436,,osm,node,12175052179
50.657766,18.926943,,osm,node,12179122789
54.554035,18.517217,,osm,node,12191835741
54.092555,15.260081,,osm,node,12207593052
52.616552,20.925484,,osm,node,12250381730
53.925935,19.349014,,osm,node,12323303698
52.424372,16.889224,,osm,node,12396805607
53.001988,16.339719,,osm,node,12406633534
52.740792,15.215733,,osm,node,12444590813
53.828079,18.206087,,osm,node,12478359692
50.464161,20.714976,,osm,node,12498407497
54.056905,15.255646,,osm,node,12547803228
54.154538,18.669667,,osm,node,12571040743
54.364839,18.615958,,osm,node,12624297516
54.346378,18.819948,,osm,node,12682615469
52.053034,20.482756,,osm,node,12801078054
50.844558,17.573378,,osm,node,12804888435
54.07246,18.314596,,osm,node,12806174003
52.506717,16.73838,,osm,node,12809666307
50.369026,22.820887,,osm,node,12851612159
54.547818,18.438467,,osm,node,12856322352
52.556116,17.607901,,osm,node,12875186558
50.064284,21.518559,,osm,node,12889578877
52.174038,21.020991,,osm,node,12911258471
50.23139,18.659443,,osm,node,12911450431
52.506614,16.738638,,osm,node,12925509393
51.946277,15.489902,,osm,node,12964197999
51.946443,15.48991,,osm,node,12964198000
50.683269,17.853469,,osm,node,12995014361
51.128952,16.966323,,osm,node,12998033981
52.412691,16.930413,,osm,node,13105344287
52.412883,16.930522,,osm,node,13105344288
52.412824,16.930814,,osm,node,13105344290
52.412632,16.930714,,osm,node,13105357109
50.289623,18.870303,"KS Pogoń Ruda Śląska",osm,node,13114589825
51.127524,16.970745,,osm,node,13115371109
51.126846,16.973493,,osm,node,13115379502
52.879706,18.781492,,osm,node,13232494547
50.169637,19.542166,,osm,node,13286512342
54.364485,18.646329,,osm,node,13302145788
51.113298,16.985918,,osm,node,13324913674
50.570436,21.661056,,osm,node,13326703942
52.395056,22.001815,,osm,node,13337141175
53.932057,19.335697,,osm,node,13382151275
52.205454,21.402878,,osm,node,13449466135
51.105748,16.961651,,osm,node,13568398611
52.675524,18.315294,,osm,node,13638934633
50.364943,22.179182,,osm,node,13667038992
51.112353,17.015098,,osm,node,13714825543
51.149211,17.117797,,osm,node,13746564338
54.602443,18.337084,,osm,node,13767739298
51.132691,16.981113,,osm,node,13788129828
52.295172,21.039725,,osm,node,13798010298
51.106499,17.091914,,osm,node,13807073687
51.137168,16.980685,,osm,node,13809823876
52.253843,21.029843,,osm,node,13856135310
52.157342,20.797062,,osm,node,13885484184
54.227819,18.641735,,osm,node,13885873880
54.1845,15.577108,,osm,node,13893278584
49.970302,20.012057,"Boisko betonowe do koszykówki",osm,node,13982924655
52.278217,20.949203,,osm,node,14008269699
52.277842,20.948594,,osm,node,14008288103
52.27841,20.949289,,osm,node,14008288104
51.817281,19.425306,,osm,node,14017380791
51.554129,22.916371,,osm,node,14053638731
52.195022,21.088256,,osm,node,14056629025
54.147302,17.369875,,osm,node,14057225273
49.592784,21.964315,,osm,node,14082199114
52.247026,21.065366,,osm,way,26172459
53.394816,14.673325,,osm,way,26411539
52.364054,16.886776,,osm,way,27926824
52.367958,16.893632,,osm,way,28043134
52.374177,16.876185,,osm,way,28176215
52.219656,20.975238,,osm,way,28895940
52.144998,21.047956,,osm,way,29300159
52.25849,21.177141,,osm,way,29571413
53.365763,14.658176,,osm,way,30055795
52.222102,21.096142,,osm,way,30923221
52.177167,20.939145,,osm,way,34433978
50.300799,18.788502,,osm,way,34667760
52.195536,20.969567,,osm,way,35023441
52.19563,20.969221,,osm,way,35023442
52.23453,20.962184,,osm,way,35071361
52.231182,20.972407,,osm,way,35074367
52.222475,20.906569,,osm,way,35079349
50.100421,18.520353,,osm,way,35539819
52.157537,21.039367,,osm,way,36775312
51.205952,16.189557,,osm,way,39436369
52.258348,21.020904,,osm,way,41483372
51.208903,16.189917,,osm,way,41680417
52.283275,20.939743,,osm,way,43536082
52.282936,20.939653,,osm,way,43536083
50.084444,19.922049,,osm,way,44132118
53.380996,14.656391,,osm,way,45440679
52.199807,21.018704,,osm,way,46256238
53.489034,14.387809,,osm,way,47303380
51.095506,17.025817,,osm,way,50305802
50.011938,20.017024,,osm,way,51569406
50.018534,20.023358,,osm,way,52103179
50.018205,20.017947,,osm,way,54262543
50.441904,16.87273,,osm,way,55796473
52.138608,15.770906,,osm,way,56063355
51.204632,16.193896,,osm,way,56085845
52.274161,20.928557,,osm,way,59544251
52.21354,21.110654,,osm,way,61242472
51.701834,19.475822,,osm,way,61404376
51.715508,19.492539,,osm,way,61434448
52.156972,21.092402,,osm,way,62343710
52.184766,20.973347,,osm,way,63325467
51.227406,22.532807,,osm,way,64027234
50.011559,20.018986,,osm,way,67211192
52.27395,20.947487,,osm,way,70987189
50.058005,18.487988,"Orlik",osm,way,74297996
51.134972,17.03196,,osm,way,75313771
52.534511,17.601623,,osm,way,76203928
52.532543,17.609772,,osm,way,76790970
50.060471,18.494207,,osm,way,77825257
51.792566,14.775519,,osm,way,79269155
50.054901,19.951304,,osm,way,80042143
50.06098,19.957467,,osm,way,80728464
52.529599,17.58543,,osm,way,80786285
50.671627,19.192869,"Plac Szkolny",osm,way,80878924
52.2503,21.036184,,osm,way,81727039
51.137607,17.032679,,osm,way,81871711
52.431001,16.923132,,osm,way,82619300
50.429364,16.651273,,osm,way,84504750
50.429346,16.648454,,osm,way,85195952
50.429577,16.648631,,osm,way,85195954
52.260617,20.987774,,osm,way,85686053
52.260269,20.993629,,osm,way,85686112
49.706964,19.17156,,osm,way,87278038
54.273165,18.682743,,osm,way,87354503
53.025155,18.677912,,osm,way,87495891
51.416949,21.984357,,osm,way,87580002
54.263253,18.671945,,osm,way,88447070
54.762402,18.245096,,osm,way,89080179
53.02606,18.696567,,osm,way,90443988
50.01173,19.949711,,osm,way,90713522
52.790038,18.249622,"Hala Widowiskowo Sportowa",osm,way,91616292
50.289421,18.749129,,osm,way,91932673
49.826842,19.037172,,osm,way,92445299
52.060596,21.02841,,osm,way,92919194
52.163016,20.958915,,osm,way,93167610
52.157145,21.091587,,osm,way,95603011
51.652085,16.075302,,osm,way,96140127
52.137843,21.066871,,osm,way,96577273
51.811527,20.478659,,osm,way,96804048
50.284233,18.670779,,osm,way,99884766
52.223367,21.222269,,osm,way,100145669
50.279598,18.668838,,osm,way,100466449
52.249537,21.082382,,osm,way,102357660
51.816902,19.422474,,osm,way,103000041
51.103588,17.085503,,osm,way,103045623
52.394439,16.918883,,osm,way,103086812
50.072159,18.542279,,osm,way,105728819
52.240178,20.919284,,osm,way,107174516
49.820855,19.048489,,osm,way,107247440
50.076402,20.036818,,osm,way,107380110
52.22804,20.018406,,osm,way,108549116
51.13826,16.881911,,osm,way,109629441
50.569215,20.058839,,osm,way,110054456
52.116448,21.087986,,osm,way,110459551
51.756867,19.468935,,osm,way,111605422
53.072152,21.588598,,osm,way,111982092
54.8292,18.071695,,osm,way,112254912
51.037361,17.103717,,osm,way,113136519
52.55099,17.600616,,osm,way,114489811
53.089777,21.574445,,osm,way,115154882
52.326538,20.974896,,osm,way,115893314
53.410776,23.499355,,osm,way,116862574
51.749487,19.814887,,osm,way,117019985
51.742312,19.822016,,osm,way,117691273
51.710522,18.619154,,osm,way,118089903
51.146704,15.00462,"Orlik",osm,way,119385810
52.200413,20.86871,,osm,way,119422331
52.201149,20.90421,,osm,way,119494266
54.795058,18.398953,,osm,way,120743913
53.742472,20.477929,,osm,way,121175500
52.297308,21.048738,,osm,way,121657757
51.794951,19.487377,,osm,way,121706657
51.792703,19.47247,,osm,way,122071586
52.601045,14.653874,,osm,way,125229390
50.609356,22.671923,,osm,way,125234101
50.564939,21.172895,,osm,way,125773692
53.111157,18.03489,,osm,way,125841090
50.14064,19.633788,,osm,way,125957484
51.37849,21.162753,,osm,way,126532278
53.924413,18.488318,,osm,way,126808246
51.755914,19.538262,,osm,way,126823558
51.758045,19.528556,,osm,way,126846873
51.100259,16.946738,,osm,way,127680514
50.231762,19.088115,,osm,way,127942605
50.006476,19.9587,,osm,way,128246276
51.819059,19.44395,,osm,way,128826827
51.977684,20.892986,,osm,way,129009093
50.016875,19.920462,,osm,way,129123388
51.824794,19.442002,,osm,way,129273921
50.359959,20.034538,,osm,way,129429504
52.400885,16.95156,,osm,way,129462957
49.8258,19.03571,,osm,way,129692822
49.724215,20.138681,,osm,way,129812140
49.832684,19.929438,,osm,way,130054664
52.253865,21.048585,,osm,way,130169711
52.255944,21.040368,,osm,way,130169717
52.445343,16.990177,,osm,way,130210942
53.101101,18.035263,,osm,way,130485561
52.391819,17.070217,,osm,way,130640974
51.775554,19.426612,,osm,way,130992279
52.440894,16.93541,,osm,way,131627823
52.339792,16.99219,,osm,way,132147793
53.153661,18.151536,,osm,way,132521984
54.361671,18.588722,,osm,way,132639854
50.134063,19.406269,,osm,way,132676677
50.448292,22.395623,,osm,way,132917608
50.394649,19.955889,,osm,way,132962104
50.387762,19.761513,,osm,way,132962106
52.377988,16.967189,,osm,way,133028932
52.380803,16.969823,,osm,way,133089507
50.262459,19.571805,,osm,way,133651421
52.329952,20.958728,,osm,way,134926867
51.020734,16.909197,,osm,way,135046430
50.42216,18.922942,,osm,way,135154543
51.137173,16.954402,,osm,way,136508424
52.169815,20.814602,"Hala Sportowa Znicz",osm,way,136596176
52.274492,21.060639,,osm,way,136727927
54.595547,18.344097,,osm,way,137088914
51.112806,20.866707,,osm,way,137145648
52.101631,21.052419,,osm,way,138209870
54.597569,18.361208,,osm,way,138712938
51.581519,21.548286,,osm,way,138739788
51.581692,21.548439,,osm,way,138739798
53.5318,16.014557,,osm,way,139322332
50.700269,15.999138,,osm,way,139348834
51.227192,18.559812,,osm,way,139615964
50.140923,19.421012,,osm,way,140391317
51.896847,19.605046,,osm,way,141627917
54.420843,18.567148,,osm,way,142157470
54.438738,18.561434,,osm,way,142660278
50.314724,19.072239,,osm,way,142716983
52.707269,16.382891,,osm,way,142842784
52.237563,21.109577,,osm,way,142949961
50.849575,15.60724,,osm,way,143296092
51.655474,19.370753,,osm,way,143298857
53.753199,20.457474,,osm,way,143343560
53.754673,20.456469,,osm,way,143343561
50.046595,19.921867,,osm,way,144449359
52.244536,20.913821,,osm,way,145006463
53.992991,22.77952,,osm,way,145028394
52.517993,21.618921,,osm,way,145577135
50.726308,23.244948,,osm,way,146183612
52.28933,20.937217,,osm,way,146606135
52.28923,20.937417,,osm,way,146606173
52.293929,20.937417,,osm,way,146609549
50.210326,19.252829,,osm,way,147280072
53.463209,18.772231,,osm,way,147457037
53.461386,18.773848,,osm,way,147457040
53.463447,18.772449,,osm,way,147457044
53.46572,18.773216,,osm,way,147465895
53.466841,18.769513,,osm,way,147489437
53.466875,18.769786,,osm,way,147489438
53.467331,18.76965,,osm,way,147489439
53.377877,14.470639,,osm,way,149268208
53.387963,14.445083,,osm,way,149268209
54.531964,18.483474,,osm,way,149554290
51.064699,17.073254,,osm,way,149588229
52.250253,20.924202,,osm,way,149736748
52.251838,20.928848,,osm,way,149736749
50.025235,19.975973,,osm,way,149923412
50.176652,19.537346,,osm,way,149947119
51.84108,16.592146,"Hala Widowiskowo–Sportowa Trapez im. Zbigniewa Białasa",osm,way,150216044
54.316293,18.588754,,osm,way,150731065
51.246745,22.597443,,osm,way,151379186
50.020311,20.006256,,osm,way,151496506
50.212982,19.255937,,osm,way,151735230
50.755399,16.218291,,osm,way,152120175
53.763733,20.469477,,osm,way,152198354
53.76199,20.470752,,osm,way,152198359
50.236988,18.656129,,osm,way,152484307
51.066918,20.250926,,osm,way,152686983
53.759339,20.469091,,osm,way,152748165
54.497785,18.438393,,osm,way,153503765
50.05322,19.923041,,osm,way,154364197
50.301277,19.099378,,osm,way,154726970
50.320434,19.076287,,osm,way,154726982
54.324723,18.583013,,osm,way,155249959
51.76751,19.50353,,osm,way,155591648
52.408352,16.882247,,osm,way,156045309
51.759834,19.534028,,osm,way,156845562
54.545755,18.449773,,osm,way,156869084
54.545705,18.450057,,osm,way,156869086
54.544374,18.455162,,osm,way,156869087
54.544861,18.440833,,osm,way,157030186
54.537253,18.433345,,osm,way,157030199
51.234703,22.513404,,osm,way,157713334
52.368805,16.948417,,osm,way,157829532
51.95749,14.715893,,osm,way,158406311
50.364918,18.846529,,osm,way,158434864
52.092019,21.00277,,osm,way,158579232
51.08315,16.998598,,osm,way,158603993
53.715812,19.982734,,osm,way,158690036
52.362375,21.046164,,osm,way,158829292
52.250815,20.925034,,osm,way,158830933
50.753775,18.888103,,osm,way,159001401
53.120667,18.026327,,osm,way,159469856
51.756844,19.519305,,osm,way,160206901
50.00646,20.004984,,osm,way,160344881
50.274655,19.55974,,osm,way,160620232
50.274689,19.560205,,osm,way,160620233
50.276026,19.579276,,osm,way,160620234
50.041744,19.932052,,osm,way,160962415
54.347243,18.434114,,osm,way,161278335
51.198774,16.206924,,osm,way,161377588
50.214541,19.247725,,osm,way,161463574
49.606067,20.298105,,osm,way,161678146
50.365557,18.85404,,osm,way,162058465
54.548986,18.52597,,osm,way,162214276
50.090055,19.92386,,osm,way,162503322
52.859573,14.392823,,osm,way,162544747
50.037529,19.992857,,osm,way,162592050
51.199443,23.162302,,osm,way,162782948
52.357132,16.945237,,osm,way,162791125
53.452566,14.494726,,osm,way,162797989
53.442462,14.546477,,osm,way,163028602
50.097759,20.059474,,osm,way,163313223
50.044773,19.825038,,osm,way,163416560
54.325824,18.626079,,osm,way,163931553
53.448838,14.513198,,osm,way,164016626
54.674372,18.421578,,osm,way,164111208
54.331486,18.629163,,osm,way,164326428
52.227289,20.941479,,osm,way,164580426
50.160146,19.475998,,osm,way,164813568
51.111694,20.865776,,osm,way,164862451
54.343953,18.361729,,osm,way,164929716
50.276424,18.457408,,osm,way,165017479
54.551445,18.538717,,osm,way,165599247
54.559279,18.509571,,osm,way,165664934
54.492971,18.506432,,osm,way,165702730
54.494189,18.508996,,osm,way,165702732
54.543988,18.53278,,osm,way,165710062
54.558363,18.512119,,osm,way,165726870
54.509496,18.544397,,osm,way,165729603
54.488893,18.530917,,osm,way,165751934
54.500735,18.452786,,osm,way,165753541
54.502758,18.545667,,osm,way,165754338
50.089441,19.922137,,osm,way,165783234
52.231225,20.986704,,osm,way,165819830
50.265038,18.885909,,osm,way,165941026
52.215492,20.996693,,osm,way,166171896
50.223649,18.662821,,osm,way,166258732
52.85436,14.393445,,osm,way,166280284
50.1824,19.479436,,osm,way,166301867
53.446425,14.55225,,osm,way,166372908
51.788856,19.431799,,osm,way,166809129
50.322461,18.775885,,osm,way,167235843
51.568944,21.572434,,osm,way,167245993
51.122164,23.244879,,osm,way,167322317
54.515488,18.524826,,osm,way,167360753
54.36276,18.564385,,osm,way,167393900
54.361764,18.561898,,osm,way,167401924
50.367395,18.841246,"Na Dołku",osm,way,167420946
54.205997,16.202182,"Hala Widowisko-Sportowa",osm,way,167446798
51.751928,18.072957,,osm,way,167455923
50.335103,19.215489,,osm,way,167490596
50.282798,18.970059,,osm,way,167500298
52.234992,21.058985,,osm,way,167527423
52.229708,21.0641,,osm,way,167531915
51.134598,23.488269,,osm,way,167568525
51.50243,15.207972,,osm,way,167581719
50.279714,18.971122,,osm,way,167582691
51.168936,23.348396,,osm,way,167588021
52.416071,20.739186,,osm,way,167613704
50.469248,19.243222,,osm,way,167665271
54.193948,16.21194,,osm,way,167699986
52.110301,19.935134,,osm,way,167702474
54.499296,18.55087,,osm,way,167736458
50.327886,19.218636,,osm,way,167773285
51.223894,22.520328,,osm,way,167794052
51.223852,22.52005,,osm,way,167794053
50.996965,16.982345,,osm,way,167831592
52.100877,20.639208,,osm,way,167851260
50.327446,18.934852,,osm,way,167914330
51.757299,18.087195,,osm,way,167921010
54.568495,18.392861,,osm,way,167955541
51.747905,18.054492,,osm,way,167972981
51.747936,18.051002,,osm,way,167972994
50.353198,18.898652,,osm,way,167986295
51.752537,18.054418,,osm,way,168003844
52.978018,18.562937,,osm,way,168026739
50.364786,19.000342,,osm,way,168033826
50.321025,18.879669,,osm,way,168037240
51.746739,19.389581,,osm,way,168069262
50.324329,18.934242,,osm,way,168105584
53.801548,22.349773,,osm,way,168141983
50.123873,18.981199,,osm,way,168200948
53.122985,18.051148,,osm,way,168292944
50.233136,18.977339,,osm,way,168400956
51.25671,21.944663,,osm,way,168430587
50.321545,18.89239,,osm,way,168454875
52.210654,20.818398,,osm,way,168456159
50.313981,18.880581,,osm,way,168469312
50.519125,22.145827,,osm,way,168520625
52.273595,20.957155,,osm,way,168564545
52.27151,20.957926,,osm,way,168566288
52.277085,20.940258,,osm,way,168568641
50.309166,18.759113,,osm,way,168727407
50.292741,19.246336,,osm,way,168772112
50.550393,22.298363,,osm,way,168806522
50.230093,18.657384,,osm,way,168864691
50.28902,18.870783,,osm,way,168872321
54.329761,18.198003,,osm,way,168887559
50.204995,18.985894,,osm,way,168905988
50.204878,18.985701,,osm,way,168905989
50.048167,18.607084,,osm,way,168978383
53.807858,22.363642,,osm,way,168994332
53.126726,14.388377,,osm,way,169039202
52.233647,20.940112,,osm,way,169102670
50.044886,18.608819,,osm,way,169130639
50.092526,18.549459,,osm,way,169132806
50.33434,18.78321,,osm,way,169201996
54.206994,16.190678,,osm,way,169212714
52.330888,20.96815,,osm,way,169220688
53.651002,14.62644,"kort, koszykówka, siatkówka",osm,way,169229037
53.64729,14.632086,"kort, koszykówka",osm,way,169229348
52.23079,21.051053,,osm,way,169234192
52.230966,21.050906,,osm,way,169234193
52.262505,21.026869,,osm,way,169236266
52.192059,21.005712,,osm,way,169244183
52.191671,21.007497,,osm,way,169244184
50.009365,18.466849,,osm,way,169261349
52.285445,20.975482,,osm,way,169312482
52.28547,20.975726,,osm,way,169312484
52.280581,20.973904,,osm,way,169316180
52.276153,20.985039,,osm,way,169316718
51.803793,20.473113,,osm,way,169318533
52.261978,20.987533,,osm,way,169348404
52.276113,20.931849,,osm,way,169445661
50.013698,18.456755,,osm,way,169488289
52.215089,21.017933,,osm,way,169522876
52.282899,20.933518,,osm,way,169658915
51.357179,19.391098,,osm,way,169712668
51.365011,19.373844,,osm,way,169712671
51.358831,19.37661,,osm,way,169712680
50.294806,18.728307,,osm,way,169748863
50.318889,19.199261,,osm,way,169844630
50.316588,18.781104,,osm,way,170077157
50.223551,18.958358,,osm,way,170089762
52.398265,16.863251,,osm,way,170124086
53.45767,14.535067,,osm,way,170138173
53.456284,14.53653,,osm,way,170138178
54.203708,16.188345,,osm,way,170155956
53.529475,20.719968,,osm,way,170162707
53.433272,14.550812,,osm,way,170174073
53.433207,14.55061,,osm,way,170174077
49.684975,21.773551,,osm,way,170191461
49.683275,21.780939,,osm,way,170199577
49.695499,21.766995,,osm,way,170206984
49.689766,21.768619,,osm,way,170210967
51.793223,19.398348,,osm,way,170212100
53.439853,14.565247,,osm,way,170265754
52.275966,16.856784,,osm,way,170303410
51.113914,22.385355,,osm,way,170420080
51.235304,22.506294,,osm,way,170420081
51.453684,22.615758,,osm,way,170420083
51.288755,22.202945,,osm,way,170420093
50.329418,19.230519,,osm,way,170463290
50.329848,19.22857,,osm,way,170474189
52.642094,19.078559,"Hala Mistrzów",osm,way,170489087
51.888041,18.951983,,osm,way,170511121
50.253359,18.994635,,osm,way,170697278
51.578334,21.558092,,osm,way,170755957
52.405797,16.869656,,osm,way,170765069
52.405554,16.869705,,osm,way,170765092
50.305119,16.638212,,osm,way,170776082
51.756061,18.100832,,osm,way,170976734
51.755912,18.101179,,osm,way,170976748
52.64417,19.033894,,osm,way,170977697
51.758181,19.490768,,osm,way,171019425
51.122763,16.998154,,osm,way,171206423
54.490527,18.511325,,osm,way,171276936
51.747589,19.389933,,osm,way,171446103
51.730319,19.464033,"Boisko osiedlowe",osm,way,171459315
50.048328,19.217648,,osm,way,171461202
50.56976,22.127144,,osm,way,171463789
51.708791,19.553366,,osm,way,171574003
51.77253,19.412358,,osm,way,171574851
53.829425,22.364362,,osm,way,171612734
50.259146,18.973946,,osm,way,171654944
49.80497,19.036462,,osm,way,171761048
49.804908,19.036194,,osm,way,171761049
52.650296,19.048299,,osm,way,171874943
51.954851,19.718235,,osm,way,171952803
54.201685,16.180645,,osm,way,172089078
52.618723,16.575097,"Orlik (koszykówka)",osm,way,172157627
52.230212,21.060997,,osm,way,172215864
52.393446,16.933527,,osm,way,172502418
54.24696,16.174066,,osm,way,172505540
51.59021,16.31239,,osm,way,172527121
51.253737,22.482354,,osm,way,172534573
50.440217,18.85117,,osm,way,172568545
51.376006,16.952306,,osm,way,172968842
50.334854,18.883305,,osm,way,173065805
52.056196,15.10801,,osm,way,173073620
51.724401,19.452311,"Boisko szkolne",osm,way,173081928
52.295947,20.961457,,osm,way,173130608
52.292274,20.933411,,osm,way,173132054
49.788711,19.054257,,osm,way,173433296
54.367982,18.774835,,osm,way,173621604
54.368075,18.775049,,osm,way,173621605
51.79182,19.379701,,osm,way,173655048
51.794544,19.38788,"Boisko szkolne",osm,way,173690466
51.640259,22.909558,,osm,way,173693356
50.944889,17.276971,,osm,way,173695884
50.20873,23.110305,,osm,way,173836439
52.556718,19.687523,,osm,way,174020777
54.215428,18.099255,,osm,way,174287688
54.211059,16.187662,,osm,way,174364464
52.538238,19.709984,,osm,way,174433698
51.740534,19.504646,,osm,way,174480193
51.744581,19.56289,,osm,way,174490961
50.305336,19.008723,,osm,way,174522792
52.407687,17.019686,,osm,way,174584606
50.303888,18.997541,,osm,way,174598547
52.23177,21.079206,,osm,way,174757631
50.0143,18.446865,,osm,way,174955008
50.004413,18.460269,,osm,way,175134083
50.029394,19.244842,,osm,way,175274444
53.026095,20.894628,,osm,way,175344914
50.354941,18.897739,,osm,way,175498173
51.22488,22.518348,,osm,way,175575093
51.231449,22.59652,,osm,way,175845595
50.266216,19.563424,,osm,way,175936785
51.230583,22.524308,,osm,way,175990929
51.745008,19.449439,,osm,way,176000190
53.294692,16.990958,,osm,way,176029986
52.359319,16.52473,,osm,way,176072292
54.277657,18.477769,,osm,way,176136407
54.277489,18.477866,,osm,way,176136411
51.24495,22.51779,,osm,way,176161222
53.566313,20.987915,"Orlik 2012",osm,way,176240605
53.498123,15.053718,,osm,way,176302131
52.382515,16.828799,,osm,way,176302616
52.365537,16.902616,,osm,way,176472680
52.3125,20.973731,,osm,way,176648765
50.275703,18.859314,,osm,way,176699619
54.317906,18.503607,,osm,way,176818816
49.536736,19.234276,,osm,way,176846952
51.790534,19.124011,,osm,way,176925460
49.726259,19.069877,,osm,way,177086384
50.322618,19.124718,,osm,way,177214863
54.339135,18.60696,,osm,way,177328755
51.588282,18.73475,,osm,way,177365476
52.022756,21.123091,,osm,way,177402900
51.587148,18.731754,,osm,way,177475012
51.590885,18.736019,,osm,way,177476465
50.736379,16.222534,,osm,way,177517623
52.22543,20.91231,,osm,way,177576282
52.225456,20.912532,,osm,way,177576283
52.3151,20.9582,,osm,way,177648430
50.01452,20.007889,,osm,way,177700048
51.796131,19.436143,,osm,way,177908828
51.596012,18.734831,,osm,way,177914765
50.274185,18.981963,,osm,way,177951710
50.443091,16.876706,,osm,way,178082125
51.638828,15.13469,"boisko do koszykówki",osm,way,178132472
53.960657,14.777805,,osm,way,178177988
51.797016,19.372937,"Boisko szkolne",osm,way,178198952
50.274199,18.986691,,osm,way,178200020
51.746688,19.563691,,osm,way,178223601
51.783231,19.431608,"Boisko szkolne",osm,way,178226557
51.746233,19.500617,"Boisko osiedlowe",osm,way,178230658
51.591555,18.718461,,osm,way,178266742
51.810917,19.374105,,osm,way,178308845
51.790132,19.41605,,osm,way,178359596
51.749989,19.425759,,osm,way,178361884
51.601633,19.916833,,osm,way,178427543
51.733768,19.446298,,osm,way,178431663
51.734042,19.446324,,osm,way,178431664
51.735786,19.503334,,osm,way,178464101
50.274464,18.980597,,osm,way,178544325
50.274111,18.977414,,osm,way,178545470
49.978852,20.035093,,osm,way,178545484
50.263361,18.997709,,osm,way,178572100
51.798193,19.369351,,osm,way,178633814
51.244286,22.585968,,osm,way,178644794
51.761206,19.544999,,osm,way,178758575
51.794603,19.377999,,osm,way,178778946
51.279603,22.550004,,osm,way,178877549
52.292378,21.030969,,osm,way,178953041
51.25616,22.575909,,osm,way,179049306
51.035903,17.156028,,osm,way,179186502
50.257503,18.968386,,osm,way,179420511
50.112269,18.997458,,osm,way,179502567
50.244397,18.994451,,osm,way,179662504
49.991945,20.032315,,osm,way,179683086
51.229994,22.586964,,osm,way,179699754
54.354545,18.611654,,osm,way,179749652
54.50741,18.546143,,osm,way,179751358
54.359177,18.628204,,osm,way,179772243
50.237647,19.005819,,osm,way,179889533
50.225813,18.972002,,osm,way,179895079
50.225656,18.971994,,osm,way,179895080
51.136432,16.972551,,osm,way,179923199
52.667415,19.042575,,osm,way,179939696
50.208758,18.973537,,osm,way,179966027
51.119754,17.002393,,osm,way,180301652
50.6168,18.902246,,osm,way,180369273
52.232314,21.064892,,osm,way,180370436
52.240789,21.079555,,osm,way,180378910
51.396219,21.143188,,osm,way,180390964
52.153365,21.034881,,osm,way,180588220
52.15251,21.032423,,osm,way,180588823
51.136235,16.96988,,osm,way,180593457
50.294202,19.121726,,osm,way,180836799
50.294558,19.123772,,osm,way,180836803
54.536498,18.480632,,osm,way,180843726
50.319518,18.656541,,osm,way,180954515
50.013607,19.971484,,osm,way,180965126
50.232614,18.6523,,osm,way,181128998
50.232745,18.652455,,osm,way,181129002
50.26539,18.986109,,osm,way,181423850
54.464359,18.495124,,osm,way,181590608
51.739776,18.079955,,osm,way,181632304
54.815191,17.954207,,osm,way,181977139
54.484135,18.516091,,osm,way,182072765
54.518852,18.522764,,osm,way,182242385
50.222545,19.071414,,osm,way,182456402
53.451599,18.717052,,osm,way,182587913
52.379694,16.956989,,osm,way,182685575
52.37982,16.957071,,osm,way,182685577
52.192123,20.617719,,osm,way,182735728
50.229423,19.005992,,osm,way,182777564
51.224845,22.622125,,osm,way,182860485
50.26179,18.93394,,osm,way,182888358
50.31058,18.935538,,osm,way,182895268
52.581558,15.009187,,osm,way,182996322
50.290936,18.929922,,osm,way,183093189
54.136008,20.590401,,osm,way,183108889
54.269021,18.607944,,osm,way,183206087
54.257184,18.654254,,osm,way,183206277
52.39246,20.925362,,osm,way,183227535
51.342449,21.129555,,osm,way,183302284
50.303652,18.848686,,osm,way,183351150
54.413216,18.601434,,osm,way,183361694
54.194993,16.177087,,osm,way,183463939
50.274378,18.928972,,osm,way,183637457
50.272567,18.931788,,osm,way,183637583
50.289586,18.961008,,osm,way,183637596
50.280296,18.95582,,osm,way,183637697
50.281994,18.952417,,osm,way,183637730
54.338897,18.613213,,osm,way,183639536
54.338885,18.613686,,osm,way,183639539
54.424343,18.584971,,osm,way,183641456
50.346007,19.215108,,osm,way,183696669
50.395683,18.961209,,osm,way,183950098
52.293508,21.108754,,osm,way,184172620
50.08609,18.208229,,osm,way,184191272
53.897785,16.84545,,osm,way,184207947
52.605343,15.903168,,osm,way,184346531
51.803669,16.313554,,osm,way,184623712
54.496732,18.507779,,osm,way,184745152
53.164375,18.157561,,osm,way,184762543
50.742783,16.734935,,osm,way,185054879
51.253462,22.532158,,osm,way,185132814
54.131245,18.203465,,osm,way,185179387
52.241026,21.085491,,osm,way,185523847
53.513364,18.491936,,osm,way,185757433
54.402213,18.642589,,osm,way,185832784
49.951851,19.26264,,osm,way,185849708
50.396789,18.954152,,osm,way,186258763
52.406635,16.872573,,osm,way,186263851
51.064041,19.442673,,osm,way,186285940
52.092537,21.264282,,osm,way,186320531
50.046773,22.250026,,osm,way,186369659
49.964562,18.306103,,osm,way,186809453
53.830476,22.342965,,osm,way,187174041
50.018517,19.98054,,osm,way,187287106
52.405741,20.950396,,osm,way,187547294
54.318072,19.529083,,osm,way,187632275
49.691879,21.779304,,osm,way,187661242
51.724407,19.462979,,osm,way,187717359
50.082983,18.205866,,osm,way,187866443
50.376956,19.258394,,osm,way,188355010
52.385524,16.921511,,osm,way,188364343
54.452909,18.553897,,osm,way,188365996
50.008311,18.449237,,osm,way,188372133
50.091382,18.21268,,osm,way,188445259
51.819561,21.524209,,osm,way,188558623
51.819854,21.575494,,osm,way,188558624
50.378544,19.257359,,osm,way,188766245
50.09246,18.213337,,osm,way,188797668
49.716249,20.246119,,osm,way,188978806
50.401236,18.813215,"Boisko do koszykówki, piłki nożnej",osm,way,189108842
53.108389,18.027579,,osm,way,189119225
52.446359,15.118737,,osm,way,189508771
52.446069,15.118869,,osm,way,189508777
50.065984,22.229613,,osm,way,189775696
50.302044,18.840097,,osm,way,190080873
49.95785,18.482807,,osm,way,190107658
50.307821,18.863842,,osm,way,190272479
50.036572,19.219631,,osm,way,190456623
50.013753,18.450508,,osm,way,190507765
52.376447,16.96172,,osm,way,190586096
50.278542,18.684442,,osm,way,191038495
50.278371,18.684405,,osm,way,191038498
51.49204,21.627029,,osm,way,191129492
50.089158,19.965721,,osm,way,191317438
50.089159,19.96595,,osm,way,191317445
50.46353,21.565943,,osm,way,191359482
50.319071,19.147652,,osm,way,192069221
50.332179,19.120907,,osm,way,192069222
50.020401,19.159792,,osm,way,192110272
50.263095,19.019356,,osm,way,192122278
50.263281,19.019419,,osm,way,192122280
50.318613,19.109793,,osm,way,192138041
50.259989,18.572028,,osm,way,192216591
53.433257,14.505212,,osm,way,192294481
53.181616,18.034347,,osm,way,192681802
51.227064,22.926944,,osm,way,193114454
52.111673,16.103565,,osm,way,193393874
50.268073,19.048016,,osm,way,193541755
52.233285,17.280559,,osm,way,193882377
54.123822,22.924432,,osm,way,194073659
50.083751,19.155026,,osm,way,194206375
51.335471,16.640718,,osm,way,194343374
52.311995,16.136304,,osm,way,194515329
52.747405,15.24936,,osm,way,194662637
50.308473,18.89668,,osm,way,194925244
54.653335,18.414835,,osm,way,195694166
49.742831,18.651988,,osm,way,196187501
53.11038,18.056208,,osm,way,196266932
54.718644,18.408596,,osm,way,196654798
51.146004,21.974649,,osm,way,196846388
51.15507,21.972337,,osm,way,196873519
50.280675,19.179006,,osm,way,196897670
50.281884,19.183038,,osm,way,196897678
52.853199,19.162322,,osm,way,197208413
52.843141,19.186733,,osm,way,197208420
54.094901,15.088106,,osm,way,197245588
54.094926,15.088502,,osm,way,197245592
50.667059,16.59941,,osm,way,197372436
51.017202,15.671185,,osm,way,197445179
53.338585,15.00695,"Orlik",osm,way,197448960
50.701449,23.247207,,osm,way,197829587
51.198343,16.155103,,osm,way,198094368
52.226098,17.275035,,osm,way,198291044
50.322971,19.116334,,osm,way,198739156
51.794971,19.439088,,osm,way,199477579
54.376787,18.561576,,osm,way,199658757
52.159656,21.024059,,osm,way,199781574
52.159716,21.024494,,osm,way,199781575
52.510934,16.742234,,osm,way,200038063
50.041465,21.99432,,osm,way,200081368
51.06345,19.450367,,osm,way,200081421
50.333734,18.89671,,osm,way,200124662
50.338408,18.867009,,osm,way,200168606
50.719758,23.257852,,osm,way,200195743
50.682083,16.623626,,osm,way,200295891
50.681874,16.617054,,osm,way,200610531
51.946151,15.51806,,osm,way,200618490
51.903339,15.570754,,osm,way,200636512
51.903168,15.570454,,osm,way,200636520
51.903397,15.570301,,osm,way,200636533
51.939073,15.538586,,osm,way,200676854
54.467603,18.466029,,osm,way,200742833
50.088791,18.216368,,osm,way,201089022
50.909735,22.670156,,osm,way,201130661
50.021769,21.989348,,osm,way,201249941
50.20225,19.042867,,osm,way,201316916
50.934603,23.275243,,osm,way,201348972
51.708109,18.616508,,osm,way,201400966
50.112441,18.963433,,osm,way,201444973
52.381377,16.969865,,osm,way,201485396
52.300852,16.767668,,osm,way,201594660
50.101536,22.328267,,osm,way,201935756
54.403708,18.579605,,osm,way,202061084
54.403526,18.579702,,osm,way,202061085
50.897546,15.729672,,osm,way,202124229
50.026065,22.022421,,osm,way,202381335
52.207121,21.816572,,osm,way,202491634
50.087439,18.219603,,osm,way,202585827
50.885392,15.733994,,osm,way,202655238
54.255524,18.635667,,osm,way,202799953
54.255331,18.635573,,osm,way,202799959
51.301499,18.006045,,osm,way,203079327
52.365416,18.296821,,osm,way,203101830
52.74365,15.296131,,osm,way,203138840
50.318291,18.81093,,osm,way,203346691
50.068827,19.906275,,osm,way,203409740
50.067615,19.905467,,osm,way,203409948
50.390619,18.956947,,osm,way,203463485
52.197402,20.695231,,osm,way,203476210
51.944652,15.507349,,osm,way,203538824
50.045904,19.942844,,osm,way,204040911
54.123978,20.587606,,osm,way,204054276
50.355484,18.407726,,osm,way,204100656
51.70493,19.425515,,osm,way,204186657
52.424837,16.946455,,osm,way,204907550
52.389885,16.838825,,osm,way,204969554
52.397412,16.893997,,osm,way,205041164
52.397986,16.89361,,osm,way,205041166
52.410381,16.889959,,osm,way,205042732
52.405943,16.879915,,osm,way,205043171
52.415561,16.874665,,osm,way,205050493
51.937258,15.485471,,osm,way,205073699
50.891326,21.660285,,osm,way,205086281
52.440021,16.943626,,osm,way,205131157
51.011567,16.958435,,osm,way,205149950
52.242932,20.9643,,osm,way,205152799
52.428562,16.927657,,osm,way,205191623
52.450333,16.939227,,osm,way,205200142
52.450207,16.939462,,osm,way,205200145
52.455983,16.92182,,osm,way,205201088
51.549441,21.879966,,osm,way,205315678
52.443624,16.882391,,osm,way,205487936
54.550882,18.548404,,osm,way,205507469
52.4734,16.871628,,osm,way,205622025
52.473616,16.871879,,osm,way,205622026
51.247487,21.074094,,osm,way,205644893
52.47095,16.985082,,osm,way,205689580
52.462846,17.019013,,osm,way,205692009
52.343817,17.066617,,osm,way,205789303
50.512691,18.297683,,osm,way,206082754
53.913688,14.240453,,osm,way,206237654
54.116541,17.87408,,osm,way,206306796
50.516092,18.335377,,osm,way,206631789
51.833882,16.592292,,osm,way,207226640
52.142965,21.053075,,osm,way,207573185
50.250523,19.037837,,osm,way,207613582
51.959617,15.502833,,osm,way,208215775
50.99484,16.928111,,osm,way,208624277
50.697617,22.985843,,osm,way,208731705
51.143948,16.964946,,osm,way,209108050
52.157466,20.790379,,osm,way,209112435
50.207255,21.110701,,osm,way,209141365
51.8983,15.569244,"Hala Sportowa",osm,way,209186347
50.340091,18.890725,,osm,way,209249325
52.474191,17.288347,,osm,way,209606488
50.340669,18.892175,,osm,way,209619005
51.338536,22.767435,,osm,way,209990796
51.122542,23.251011,,osm,way,210274022
51.234767,22.783964,,osm,way,210274035
51.37087,22.722267,,osm,way,210274036
54.581469,18.404168,,osm,way,210293675
50.268154,19.030606,,osm,way,210300757
52.066072,20.437161,,osm,way,210593960
50.338666,18.893373,,osm,way,210982549
50.663409,18.681507,,osm,way,211021730
50.341682,18.902203,,osm,way,211092350
53.135818,23.190852,,osm,way,211141733
50.159426,23.119174,,osm,way,211143328
51.051161,21.08932,,osm,way,211449343
51.993383,15.555758,,osm,way,211497228
50.274478,19.061077,,osm,way,211618586
50.264097,19.103347,,osm,way,211661245
53.466892,14.540071,,osm,way,211811082
50.659011,21.782426,,osm,way,211913833
51.04652,21.057505,,osm,way,212434361
51.039955,21.089851,,osm,way,212439598
50.226805,22.400088,"Boisko szkolne",osm,way,213500809
50.220903,18.971316,,osm,way,213518562
50.037285,18.680508,,osm,way,214385527
50.271418,18.904367,,osm,way,214585550
51.088172,17.021806,,osm,way,215049479
51.087878,17.022847,,osm,way,215108772
51.085028,17.041287,,osm,way,215204423
51.086749,17.014334,,osm,way,215247134
51.083778,17.022154,,osm,way,215252266
51.087607,19.87991,,osm,way,215290160
50.933917,16.499101,"boisko",osm,way,215300999
51.351876,19.894706,,osm,way,215487221
51.089419,17.035855,,osm,way,216576046
51.08865,17.036579,,osm,way,216579695
53.803555,22.366604,,osm,way,216598737
50.038127,18.685064,,osm,way,216613480
51.086628,17.039137,,osm,way,216614007
50.083528,18.195389,,osm,way,216621788
51.084371,17.04325,,osm,way,216668274
51.08699,17.044022,,osm,way,216803242
51.086764,17.044556,,osm,way,216803245
51.087599,17.044584,,osm,way,216804641
50.477992,17.319574,,osm,way,217083739
50.100274,18.233098,,osm,way,217108798
50.022731,22.004952,,osm,way,217160325
50.023383,22.007398,,osm,way,217160328
50.022411,22.004355,,osm,way,217160332
53.460668,14.528073,,osm,way,217162023
50.018336,19.243839,,osm,way,217168067
50.936442,16.489348,"Orlik 2012",osm,way,217310699
50.937168,16.489103,,osm,way,217318587
50.020007,22.008891,,osm,way,217492843
51.085697,17.050361,,osm,way,217858966
50.096388,20.006561,,osm,way,217861479
51.086999,17.049808,,osm,way,217900412
51.747089,18.074565,,osm,way,217998897
49.97626,19.811895,,osm,way,218011618
50.812944,19.10717,,osm,way,218121785
50.054149,19.916099,,osm,way,218673126
52.244708,20.937838,,osm,way,218867308
52.244482,20.937656,,osm,way,218867310
51.754411,18.062082,,osm,way,218926574
51.75273,18.066629,,osm,way,218926581
50.079287,18.172068,,osm,way,218972631
49.957,18.426039,,osm,way,219100000
50.276296,19.186567,,osm,way,219403973
50.279199,19.1409,,osm,way,219749556
51.759591,18.070098,,osm,way,219830520
50.067578,19.780438,,osm,way,219856640
51.032115,15.417022,,osm,way,219887538
50.964073,16.573697,,osm,way,219932154
50.062089,19.976782,,osm,way,219943817
52.204754,21.01489,,osm,way,219964264
51.71152,19.484581,,osm,way,220011330
50.280089,19.136078,,osm,way,220204403
50.896674,16.681349,,osm,way,220210991
50.066088,22.236719,,osm,way,220350108
50.066039,22.237065,,osm,way,220350109
51.883418,21.628883,,osm,way,220351874
50.412127,16.513154,,osm,way,220375966
51.927223,15.51328,,osm,way,220379000
54.156142,15.398937,,osm,way,220425266
52.695126,22.059512,,osm,way,220538489
51.929918,15.508496,,osm,way,220541725
49.697762,20.420283,"""Orlik"" Limanowa",osm,way,220634501
53.478689,18.753604,,osm,way,220656738
50.941494,17.281203,,osm,way,220774481
53.01427,18.61498,,osm,way,220874192
51.260693,22.508421,,osm,way,221067636
50.090784,18.111312,,osm,way,221468273
52.250719,20.991873,,osm,way,221521959
52.345778,21.232158,,osm,way,221573331
52.350893,21.242926,,osm,way,221573507
52.235196,20.995585,,osm,way,221762488
53.144164,17.584254,,osm,way,221826961
51.050049,21.089036,,osm,way,221871010
50.060834,21.980556,,osm,way,222135827
52.107511,21.237161,,osm,way,222370855
51.720739,19.469134,,osm,way,222632957
52.198227,21.010484,,osm,way,222814597
49.712631,22.016117,,osm,way,222891594
50.671084,17.971858,,osm,way,223337405
51.042687,16.971509,,osm,way,223368233
50.675247,17.950386,,osm,way,223434278
52.187613,21.057276,,osm,way,223464003
50.520563,16.875341,,osm,way,223544110
50.477848,17.319531,,osm,way,223578186
52.165647,17.89858,,osm,way,223755604
51.351225,21.214317,,osm,way,224011542
50.673522,17.952578,,osm,way,224128766
53.768315,18.857463,,osm,way,224247528
53.699103,19.969075,,osm,way,224248444
54.693752,18.691516,,osm,way,224283704
50.308654,19.033673,,osm,way,224622150
50.891933,20.673655,,osm,way,224721401
50.199533,19.280746,,osm,way,224880672
50.298503,18.970429,,osm,way,225686786
50.883615,16.934281,,osm,way,225978065
50.306165,19.006381,,osm,way,226232191
51.033949,23.2367,,osm,way,226280655
51.266033,22.547238,,osm,way,226719799
52.75029,18.105499,"Orlik",osm,way,226734129
51.26017,22.541699,,osm,way,226735229
50.891437,20.668142,,osm,way,226746215
53.144305,23.110856,,osm,way,226933451
52.320655,17.57164,,osm,way,227071373
52.319354,17.56743,,osm,way,227071374
54.530597,18.501485,,osm,way,227186701
50.211347,19.556094,,osm,way,227573095
52.230359,20.902346,,osm,way,227842667
51.991222,22.784668,,osm,way,228030626
52.216837,22.706097,,osm,way,228030627
53.764266,20.429455,,osm,way,228193566
53.803629,20.40121,,osm,way,228193912
53.019049,18.633648,,osm,way,228410669
52.995976,18.615527,,osm,way,228416936
50.483519,17.340319,,osm,way,228492465
51.189968,17.23769,,osm,way,228651753
50.075862,18.001272,,osm,way,228933225
50.032461,22.02215,,osm,way,229007072
50.330345,19.117616,,osm,way,229048930
51.118257,15.914112,,osm,way,229214622
54.15707,19.415464,,osm,way,229805396
51.733957,18.202865,"Orlik",osm,way,229823399
50.101676,19.943714,,osm,way,230014572
50.101805,19.94358,,osm,way,230014573
50.09882,20.016952,,osm,way,230061758
49.867462,20.288401,,osm,way,230083264
52.237722,15.535807,,osm,way,230251597
50.66553,17.897138,,osm,way,230359339
51.773986,18.081967,,osm,way,230581456
52.598984,15.8871,,osm,way,230669081
51.946723,15.525412,,osm,way,230722389
51.929803,15.482589,,osm,way,230722390
52.21023,20.821475,,osm,way,231094318
49.783949,22.755601,,osm,way,231214824
49.781753,22.773895,,osm,way,231323438
52.226739,17.29161,,osm,way,231369960
51.048047,16.998872,,osm,way,231561426
53.208486,23.339779,,osm,way,231641332
51.961919,19.71597,,osm,way,231642973
50.283031,20.948695,,osm,way,231723827
52.055051,20.982591,,osm,way,231775756
52.079515,21.019557,,osm,way,231779306
51.244022,22.569385,,osm,way,231832102
52.245651,20.979038,,osm,way,231894501
49.740316,19.593193,,osm,way,232002659
53.126527,23.154148,,osm,way,232052205
52.14882,21.042291,,osm,way,232065804
50.335341,18.639185,,osm,way,232260455
54.089513,18.703503,,osm,way,232277405
54.165875,15.603497,,osm,way,232411433
50.864811,20.597664,,osm,way,232512823
51.187921,16.787454,,osm,way,232518462
50.665508,17.950882,,osm,way,232683971
53.837834,18.827976,,osm,way,232799273
50.310578,19.046013,,osm,way,232896855
49.966172,19.719198,,osm,way,233048459
50.093176,20.00231,,osm,way,233073106
50.09006,19.997866,,osm,way,233073113
51.168676,17.276488,,osm,way,233077551
52.248641,15.809973,,osm,way,233370349
52.018161,18.488971,,osm,way,233407162
53.02049,18.670367,,osm,way,233443223
51.358961,19.363185,,osm,way,233497029
52.394811,16.947689,,osm,way,233552797
53.216484,15.754369,,osm,way,233788537
53.04146,15.301344,,osm,way,233803610
53.083091,15.488488,,osm,way,233803612
52.275156,15.808787,,osm,way,233960586
51.57449,19.007129,,osm,way,234005832
52.571797,20.6663,,osm,way,234244789
51.056943,17.101224,,osm,way,234313199
51.055133,17.102648,,osm,way,234313200
51.742609,18.095029,,osm,way,234431413
51.094587,17.005226,,osm,way,234725476
54.498889,18.545536,,osm,way,234790417
54.498791,18.545886,,osm,way,234790431
51.631372,15.133261,"boisko do koszykówki",osm,way,234834016
52.013467,18.519396,,osm,way,234890466
51.64546,15.125714,"boisko do koszykówki",osm,way,234960810
51.646083,15.147401,"boisko do koszykówki",osm,way,235081501
50.582725,16.690626,,osm,way,235220994
52.211759,20.795908,"Lodowisko GOSIR",osm,way,235328922
51.60147,16.852753,,osm,way,235429332
49.899338,20.208234,,osm,way,235438429
50.310122,18.125206,,osm,way,235447357
51.601159,16.858374,,osm,way,235451035
49.786071,22.754684,,osm,way,235719386
51.097316,17.10607,,osm,way,235810218
53.860473,21.302043,,osm,way,235884753
52.289865,21.033649,,osm,way,235926666
52.285906,21.037635,,osm,way,235927221
49.778815,22.780268,,osm,way,236307979
53.030753,18.652652,,osm,way,236384605
49.791636,22.754573,,osm,way,236509382
54.405282,18.611208,,osm,way,236511475
51.695326,21.556186,,osm,way,236660253
50.794632,17.392404,,osm,way,236958499
54.388453,18.57507,,osm,way,237030383
49.778414,22.790545,,osm,way,237035546
52.454723,16.923409,,osm,way,237045174
51.204679,17.387079,,osm,way,237064844
52.191472,20.838137,,osm,way,237120731
50.177458,19.5904,,osm,way,237153865
52.637745,19.04476,"Orlik",osm,way,237168578
49.943066,22.830346,,osm,way,237176854
52.55693,18.984337,,osm,way,237270340
52.640844,19.046712,,osm,way,237288598
54.386669,18.603647,,osm,way,237289656
52.276865,20.939769,,osm,way,237314750
52.639729,19.053868,,osm,way,237318805
52.6373,19.049622,,osm,way,237318845
49.905837,22.510665,,osm,way,237318984
53.261308,15.546663,,osm,way,237398935
52.453823,16.921104,,osm,way,237417628
53.598997,18.342184,,osm,way,237427495
50.113284,18.97394,,osm,way,237452469
52.296481,21.028742,,osm,way,237461821
51.874934,18.964456,,osm,way,237506838
52.643642,19.093664,,osm,way,237563266
50.089565,22.235636,,osm,way,237638596
51.599998,18.267614,,osm,way,237714524
50.284286,19.130457,,osm,way,237738735
49.506494,20.202206,,osm,way,237748688
51.806218,19.325313,,osm,way,237831453
50.321373,19.171743,,osm,way,237837917
50.322581,19.177163,,osm,way,237840750
52.65141,19.051699,,osm,way,237880386
52.643557,19.066379,,osm,way,237972458
52.643962,19.065822,,osm,way,237972462
52.163201,21.039714,,osm,way,238008142
50.322953,19.170001,,osm,way,238052992
54.395515,18.594809,,osm,way,238121161
52.54568,19.697047,,osm,way,238176559
52.557353,19.676444,,osm,way,238196991
53.156389,18.614926,,osm,way,238212466
54.592164,18.455472,,osm,way,238255319
50.14639,18.344152,,osm,way,238290212
51.410634,19.739692,,osm,way,238297513
50.10863,18.974452,,osm,way,238320759
51.114681,17.095375,,osm,way,238370525
51.115141,17.09531,,osm,way,238370528
51.115123,17.094996,,osm,way,238370529
51.114663,17.095061,,osm,way,238370533
51.288921,21.051126,,osm,way,238474859
53.407983,18.418006,,osm,way,238508615
50.071425,22.187665,,osm,way,238538321
53.414514,18.450723,,osm,way,238542007
53.686804,17.57897,,osm,way,238546120
50.3205,17.593963,,osm,way,238676231
52.168685,22.289164,,osm,way,238791219
54.406829,18.603888,,osm,way,238829257
54.406384,18.601343,,osm,way,238829476
52.174329,22.279962,,osm,way,238851865
50.027623,19.925085,,osm,way,238855981
52.263304,21.042182,,osm,way,238868682
50.575086,19.344238,,osm,way,238906573
52.64098,19.038182,,osm,way,238922204
52.159754,22.243758,,osm,way,238927157
50.106648,22.188091,,osm,way,238982153
50.092997,22.180543,,osm,way,238991284
52.042629,23.105425,,osm,way,238999625
49.988258,22.539258,,osm,way,239147014
50.055984,19.904058,,osm,way,239151936
54.403508,18.596331,,osm,way,239155578
52.887018,20.599216,,osm,way,239390766
54.386277,18.612613,,osm,way,239538044
51.54338,20.000659,,osm,way,239753888
51.895085,18.960138,,osm,way,239819397
49.823228,22.38725,,osm,way,239961393
52.315386,20.957513,,osm,way,240054164
51.812619,21.904591,,osm,way,240082650
50.46427,19.653183,,osm,way,240087792
51.411957,19.673451,,osm,way,240091167
51.412633,19.667408,,osm,way,240091319
51.412705,19.702866,,osm,way,240091749
51.410881,19.710566,,osm,way,240096284
51.419833,19.679108,,osm,way,240096394
51.527801,19.997643,,osm,way,240121392
51.531129,19.995664,,osm,way,240152914
51.557098,19.998883,,osm,way,240191744
49.714141,21.641921,,osm,way,240287486
53.230406,21.886745,,osm,way,240402433
53.962357,14.776154,,osm,way,240410349
52.673656,18.319588,,osm,way,240462949
54.058256,15.267022,,osm,way,240464143
54.039512,15.873164,,osm,way,240465974
52.398143,22.02521,,osm,way,240484276
52.40627,22.024459,,osm,way,240484320
52.397216,22.019523,,osm,way,240484822
54.11377,23.348787,,osm,way,240486918
50.134781,19.641901,,osm,way,240602088
53.018264,18.575664,,osm,way,240616531
53.40792,18.444483,,osm,way,240627100
49.788539,22.757386,,osm,way,240684136
53.911492,15.201419,,osm,way,240857918
49.730491,21.252548,,osm,way,240888754
49.658713,21.162812,,osm,way,240888840
52.265846,21.029515,,osm,way,240979479
52.44608,16.91511,,osm,way,241039962
50.03263,19.760614,,osm,way,241049086
50.318381,19.215323,,osm,way,241271325
52.736619,14.693472,,osm,way,241319647
53.826013,22.343712,,osm,way,241370653
53.826661,22.339189,,osm,way,241370661
49.870739,19.681721,,osm,way,241398403
51.033966,17.330618,,osm,way,241503956
51.119107,20.880207,,osm,way,241542745
50.267816,19.016212,,osm,way,241545441
54.206094,16.163793,,osm,way,241559777
50.318937,19.189245,,osm,way,241764022
53.960895,18.500455,,osm,way,241770825
52.299961,22.469326,,osm,way,241821320
52.319967,20.947652,,osm,way,241852477
53.126096,23.092713,,osm,way,241974402
50.274159,19.07644,,osm,way,242132366
52.641858,19.094956,,osm,way,242170547
52.642277,19.095533,,osm,way,242170550
52.6426,19.096374,,osm,way,242170551
53.291778,14.995596,,osm,way,242177407
52.638534,19.088251,,osm,way,242301870
52.638723,19.088324,,osm,way,242301871
54.154126,15.643592,,osm,way,242609257
52.658748,19.04488,,osm,way,242672012
52.64549,19.03609,,osm,way,242816033
52.265663,21.028753,,osm,way,242865611
52.46212,16.914102,,osm,way,242869647
52.462255,16.908859,,osm,way,242869650
53.953717,16.589317,,osm,way,242932215
53.758164,17.113342,,osm,way,243125427
52.249227,20.980386,,osm,way,243161140
52.250651,20.991683,,osm,way,243207064
53.412341,18.446568,,osm,way,243298479
54.361008,18.720633,,osm,way,243452786
52.251623,15.514093,,osm,way,243583667
50.088503,18.994273,,osm,way,243691669
50.132436,18.977758,,osm,way,243696565
53.929049,19.029465,,osm,way,244084659
53.026011,18.682917,,osm,way,244133632
53.022055,18.686449,,osm,way,244133638
53.831755,23.044005,,osm,way,244139310
52.611117,19.02665,,osm,way,244210390
53.903861,19.06726,,osm,way,244215301
53.92382,19.025875,,osm,way,244218766
50.416065,17.992208,,osm,way,244297942
53.921833,19.031103,,osm,way,244360785
53.986047,20.412029,,osm,way,244858647
54.367679,18.626442,,osm,way,244860484
52.151641,18.649218,,osm,way,245079438
53.837752,22.986452,,osm,way,245152926
53.649244,22.455436,,osm,way,245260523
52.853765,16.530565,,osm,way,245317031
50.041934,21.970536,,osm,way,245422205
50.659957,21.746303,,osm,way,245425115
50.90056,16.739415,,osm,way,245591355
50.44216,23.412807,,osm,way,245637644
50.29987,18.775059,,osm,way,245646196
50.297862,21.742224,,osm,way,245789253
52.257552,15.525639,,osm,way,245960941
52.736752,18.964121,,osm,way,245965301
49.918612,18.996742,"Orlik",osm,way,245967538
49.924776,19.000268,,osm,way,245968382
50.074281,19.900454,,osm,way,245973589
51.198162,16.246748,,osm,way,246485799
50.77937,17.065653,,osm,way,246622712
52.599553,19.014445,,osm,way,246748523
50.035608,20.21308,,osm,way,246868495
54.164467,15.503397,,osm,way,246974294
50.486274,17.346805,,osm,way,247072585
51.113027,20.888774,,osm,way,247074953
53.752295,19.208481,,osm,way,247203952
52.790663,18.268357,,osm,way,247736922
51.645175,17.797328,,osm,way,247864848
52.307155,16.407354,,osm,way,248699921
50.409109,18.459074,,osm,way,248964369
51.254197,18.637342,,osm,way,249116148
51.222074,18.558943,,osm,way,249176880
51.376615,16.952535,,osm,way,249317656
50.097658,19.882823,,osm,way,249340871
50.966608,18.987258,,osm,way,249502067
54.235274,15.920683,,osm,way,250006141
50.344595,19.083754,,osm,way,250777431
50.358311,19.139924,,osm,way,250777434
53.580816,16.54135,,osm,way,250865302
51.170248,18.550786,,osm,way,251061850
54.218822,16.172237,,osm,way,251141087
53.44409,23.097004,,osm,way,251148764
51.942052,15.46803,,osm,way,251224523
51.526733,20.015278,,osm,way,251711041
51.535815,20.02326,,osm,way,251712940
51.528769,19.998487,,osm,way,252069328
51.525578,20.02227,,osm,way,252074546
50.726622,16.644019,,osm,way,252113789
50.151255,19.492055,,osm,way,252291436
51.440018,21.000817,,osm,way,252346107
52.4658,16.939509,,osm,way,252420887
52.429941,16.917635,,osm,way,252421735
52.286395,18.25522,,osm,way,252495749
49.984999,22.464342,,osm,way,252563013
51.115493,20.899621,,osm,way,252669491
50.312766,19.12636,,osm,way,252679023
54.829812,18.323831,,osm,way,252739110
51.522246,20.020233,,osm,way,252741911
52.883761,18.698288,,osm,way,252779905
50.007159,22.674731,,osm,way,252787799
53.588937,18.630772,,osm,way,252832025
51.525008,20.025666,,osm,way,252841169
51.657972,20.164552,,osm,way,253165874
50.328323,19.214717,,osm,way,253333493
51.359615,21.569971,,osm,way,253489190
50.096054,21.953713,,osm,way,253582011
51.050809,16.837033,,osm,way,253608701
51.206422,18.670616,"ORLIK",osm,way,253718950
50.084217,19.902431,,osm,way,253821905
53.037247,18.598536,,osm,way,253852619
50.151482,21.955589,,osm,way,253984454
54.04142,21.751459,,osm,way,254217289
50.291942,19.114608,,osm,way,254324066
54.032541,21.767467,,osm,way,254360950
50.242625,23.144319,,osm,way,254413529
51.529173,20.014691,,osm,way,254567722
51.5291,20.01344,,osm,way,254568409
50.341901,19.243786,,osm,way,254834008
51.813265,19.449671,,osm,way,254901422
53.537801,18.821597,,osm,way,255004519
50.040069,19.240151,,osm,way,255027123
52.229376,15.930573,,osm,way,255038927
50.856825,16.313792,,osm,way,255091953
52.457612,16.910987,,osm,way,255297102
54.307809,22.306052,,osm,way,255314210
54.124217,20.593345,"Hala Sportowa",osm,way,255382829
50.860154,17.474835,,osm,way,255437999
50.371204,17.536688,,osm,way,255443380
50.862055,16.319343,,osm,way,255470972
51.11359,20.868251,,osm,way,255547744
52.241667,19.34902,,osm,way,255580136
51.070329,19.449707,,osm,way,255712685
52.57514,16.995621,,osm,way,255718419
53.500786,19.752246,,osm,way,255753283
54.180575,15.570648,,osm,way,255874837
52.26239,20.983762,,osm,way,255958017
51.742054,22.698175,,osm,way,255969712
54.352902,18.655849,,osm,way,256015723
54.352928,18.656122,,osm,way,256015725
53.742619,20.475712,,osm,way,256162676
50.132664,18.967204,,osm,way,256216584
49.871477,19.498063,,osm,way,256237771
53.346075,18.441181,,osm,way,256449294
53.346248,18.440998,,osm,way,256449298
54.179265,15.584309,,osm,way,256501440
54.179125,15.584135,,osm,way,256501443
54.484698,18.427893,,osm,way,256552372
51.274298,21.461234,,osm,way,256573099
51.954775,17.505443,,osm,way,256738611
51.522159,20.009181,,osm,way,256780681
54.177925,15.581587,,osm,way,256803707
52.659268,19.07236,,osm,way,256870751
52.247113,20.982627,,osm,way,256925435
52.286346,21.112569,,osm,way,257006216
52.28685,21.111064,,osm,way,257007791
49.840789,20.960019,,osm,way,257033138
52.294428,21.10213,,osm,way,257036506
50.093745,19.973434,,osm,way,257108898
51.919395,16.193031,,osm,way,257240517
51.405036,16.19981,,osm,way,257271124
51.332467,16.657942,,osm,way,257366718
53.411963,18.699729,,osm,way,257514709
51.334215,16.653759,,osm,way,257539696
51.333541,16.643461,,osm,way,257539697
52.086041,16.641106,,osm,way,257725121
49.92586,18.995785,,osm,way,257734111
53.476831,18.743787,,osm,way,257808238
50.363942,21.15106,,osm,way,257825692
50.152481,21.96052,,osm,way,257841820
50.152439,21.960324,,osm,way,257841821
51.593936,18.916586,,osm,way,257939764
50.777958,21.081292,,osm,way,257969323
50.787879,16.834029,,osm,way,258243907
50.283403,19.126393,,osm,way,258345417
51.797991,15.711827,,osm,way,258510894
53.735403,17.512956,,osm,way,258593475
51.792006,15.723389,,osm,way,258657202
52.204747,21.027426,,osm,way,258720570
51.808324,15.706036,,osm,way,258767049
53.263551,18.150257,,osm,way,258947074
50.234382,19.16806,,osm,way,259026570
50.292008,19.120199,,osm,way,259039457
52.296923,21.155862,,osm,way,259045963
52.381584,16.605452,"Orlik 2012 - boisko do koszykówki",osm,way,259183509
51.790796,19.405527,,osm,way,259184326
52.191986,21.006563,,osm,way,259187103
51.295466,18.159014,,osm,way,259212281
52.267937,16.867554,,osm,way,259264570
50.704814,23.260687,,osm,way,259517539
52.146605,21.046679,,osm,way,259565713
50.287807,19.125146,,osm,way,259640170
51.672581,16.541812,,osm,way,259767285
53.410664,18.448905,,osm,way,259788867
53.905023,17.061726,,osm,way,260036607
53.859194,16.963233,,osm,way,260042252
51.894751,17.775005,,osm,way,260292074
51.89582,17.780059,,osm,way,260292682
52.201738,21.03868,,osm,way,260314207
54.398815,17.758135,,osm,way,261069960
50.683962,18.697654,,osm,way,261142409
52.284262,20.941593,,osm,way,261248655
51.888564,17.780734,,osm,way,261265454
50.053503,21.408602,,osm,way,261268549
50.051812,21.426545,,osm,way,261278749
50.861075,16.306137,,osm,way,261403674
50.805011,19.116359,,osm,way,261646440
50.84135,19.125176,,osm,way,261704889
50.841241,19.128076,,osm,way,261704890
53.389487,14.47634,,osm,way,261932625
52.450162,15.584655,,osm,way,262076492
52.236891,19.628563,,osm,way,262081340
52.7186,15.256464,,osm,way,262099424
53.4162,14.542022,,osm,way,262142236
52.601646,20.413543,,osm,way,262169469
52.390338,16.915982,,osm,way,262417333
52.163126,21.034971,,osm,way,262563557
51.897315,21.59567,,osm,way,262671856
50.052943,21.46742,,osm,way,262852831
54.173481,15.587544,,osm,way,262964355
51.381067,20.273562,,osm,way,263145891
53.652565,22.452177,,osm,way,263172145
51.7428,19.497291,,osm,way,263366662
54.493582,18.553052,,osm,way,263468173
52.185946,21.194281,,osm,way,263718224
52.993844,16.853527,,osm,way,263827249
52.082737,20.388241,,osm,way,264281357
50.787796,15.6945,,osm,way,264353974
54.193478,16.174958,,osm,way,264372281
51.897773,17.781988,,osm,way,264395683
51.842711,17.930199,,osm,way,264632511
51.035365,16.768601,,osm,way,265042198
52.989839,22.87623,,osm,way,265296570
52.198394,20.874353,,osm,way,265322417
49.790497,19.852355,,osm,way,265386254
52.243991,21.113056,,osm,way,265407331
53.180997,22.073245,"ORLIK",osm,way,265638446
53.166016,22.086976,,osm,way,265688915
52.177095,21.049971,,osm,way,265725172
51.644632,20.943035,,osm,way,265932262
51.19712,16.157082,,osm,way,265934894
54.231035,18.629302,,osm,way,266110044
51.139155,17.173442,,osm,way,266410193
53.13102,23.141761,,osm,way,267266065
53.431582,18.441216,,osm,way,267514139
52.15115,21.055219,,osm,way,267636443
52.047776,15.473406,,osm,way,267930378
51.139636,20.910771,,osm,way,268153650
50.144194,19.879744,,osm,way,268296111
51.125959,16.961823,,osm,way,268843124
51.601318,18.926605,,osm,way,268886781
53.798511,22.354382,,osm,way,268935564
53.165465,22.081353,,osm,way,269142033
53.164694,22.087332,,osm,way,269142038
53.16287,22.084719,,osm,way,269142078
53.164209,22.081825,,osm,way,269142097
52.171087,21.215196,,osm,way,269843166
50.043817,21.956204,,osm,way,270161078
50.484691,19.444942,,osm,way,270299704
54.573698,16.848876,,osm,way,270305619
52.2227,20.90562,,osm,way,270339856
52.148926,21.0533,,osm,way,270433043
50.040242,19.225529,,osm,way,270684271
53.028927,18.670526,,osm,way,270807502
51.075572,17.008499,,osm,way,271088304
54.581251,16.872391,,osm,way,271142627
54.215719,21.517591,,osm,way,271227144
50.865788,20.640494,,osm,way,271771253
52.84007,19.164932,,osm,way,271836101
50.246241,19.116657,,osm,way,271934736
50.244056,19.11608,,osm,way,271934739
52.927719,22.818574,,osm,way,272005772
50.26194,19.055963,,osm,way,272243294
50.859212,20.628076,,osm,way,272293958
50.857608,20.627754,,osm,way,272483046
50.419342,18.117055,,osm,way,272727602
52.566802,17.82855,,osm,way,272771739
51.100116,17.098792,,osm,way,273073699
53.1434,23.119896,,osm,way,273311433
51.109797,17.098739,,osm,way,273363727
51.112984,16.984326,,osm,way,273454500
50.880658,20.606014,,osm,way,273534058
50.881012,20.609904,,osm,way,273540034
50.059123,21.605123,,osm,way,273852182
52.769505,23.194671,,osm,way,274061519
51.972846,17.498971,,osm,way,274472179
52.184282,21.190359,,osm,way,274477175
53.766698,20.493289,,osm,way,274608930
54.30382,22.29646,,osm,way,274650288
50.850128,20.553877,,osm,way,274860596
50.960861,19.327582,,osm,way,274866755
53.172578,21.292069,,osm,way,275028618
53.175431,21.289836,,osm,way,275036951
53.004682,22.911826,,osm,way,275992326
51.12051,17.050587,,osm,way,276297537
52.649719,16.091001,,osm,way,276387665
54.207687,16.196859,,osm,way,276464303
51.279471,15.516915,,osm,way,276598551
50.847222,19.128257,,osm,way,276701115
52.290154,20.942414,,osm,way,277039533
52.267084,20.953508,,osm,way,277176541
52.434674,21.038746,,osm,way,277312958
52.434457,21.038097,,osm,way,277312959
52.135855,21.056903,,osm,way,277723473
50.078413,19.166011,,osm,way,277736223
51.076484,16.993395,,osm,way,277900889
54.330979,18.562987,,osm,way,278169432
54.211759,16.198562,,osm,way,278180003
50.766075,16.279287,,osm,way,278424756
50.769239,16.284001,,osm,way,278424759
50.459272,17.325741,,osm,way,278499854
52.778017,18.247641,,osm,way,278583148
52.919427,22.650541,,osm,way,278833412
51.410156,16.43008,,osm,way,278833611
51.413288,16.429407,"Boisko uniersalne",osm,way,278835009
52.227289,16.374166,,osm,way,278961407
52.226302,16.375672,,osm,way,278961412
50.774274,16.289106,,osm,way,278963309
52.102014,19.927079,,osm,way,278988969
50.966223,15.378228,,osm,way,279037383
51.262167,15.584549,,osm,way,279241137
51.750646,19.329997,,osm,way,279352770
53.422048,14.542099,,osm,way,279497895
53.182095,22.054789,,osm,way,279848220
50.86054,16.481788,,osm,way,280081837
52.235524,20.910854,,osm,way,280234688
52.234962,20.910237,,osm,way,280234689
52.235544,20.89757,,osm,way,280271489
50.023115,19.965039,,osm,way,280313730
50.019044,19.970627,,osm,way,280536833
50.778873,16.027668,,osm,way,280571254
51.291244,22.206941,,osm,way,280614184
52.452507,20.890158,,osm,way,281160735
53.301053,23.660549,,osm,way,281432857
53.404919,14.521671,,osm,way,281666718
53.40509,14.521768,,osm,way,281666737
52.599057,21.453199,,osm,way,282280449
52.601908,21.453572,,osm,way,282280451
52.752714,18.111114,,osm,way,282478635
51.745995,18.076926,,osm,way,282521407
51.598825,18.950777,,osm,way,282745434
49.648899,21.157602,,osm,way,282849680
52.831379,18.900904,"Orlik",osm,way,282875950
53.295327,15.903993,,osm,way,282983669
50.738811,16.650304,,osm,way,283049824
51.937877,15.549046,,osm,way,283162086
50.86603,15.683223,,osm,way,283192946
53.35728,15.420865,"Orlik",osm,way,283205583
52.33168,17.554989,,osm,way,283302135
53.183638,22.07147,,osm,way,283376745
52.040452,17.769041,"Orlik",osm,way,283412608
51.170558,22.591993,,osm,way,283529461
51.338059,16.647569,,osm,way,284296684
53.341849,16.09075,,osm,way,284318487
53.133801,23.182913,,osm,way,284372770
50.262196,19.093715,,osm,way,284492526
53.044579,15.84849,,osm,way,284510933
53.170186,20.291475,,osm,way,284592030
52.202371,22.243387,,osm,way,284598156
52.240415,21.152307,,osm,way,284837547
52.310235,21.158116,,osm,way,284971306
52.263167,21.155357,,osm,way,285037905
50.262885,19.091539,,osm,way,285078578
53.157381,17.456751,,osm,way,285115927
52.215215,20.996614,,osm,way,285154059
52.313741,20.964628,,osm,way,285178163
53.399991,14.528465,,osm,way,285406648
53.158575,15.416026,,osm,way,285550547
50.857009,16.334545,,osm,way,285569182
52.123635,17.47932,,osm,way,285585399
51.945884,17.749658,,osm,way,285824782
52.200881,20.405057,,osm,way,285879634
51.15487,15.016762,,osm,way,285901145
51.262571,18.450595,,osm,way,285981853
54.177319,16.181478,,osm,way,286055754
51.156315,15.018231,,osm,way,286067634
53.101051,19.054492,,osm,way,286097699
53.193425,22.095847,,osm,way,286264506
52.644161,19.184639,,osm,way,286346330
52.98702,22.250966,,osm,way,286405455
53.133093,23.092338,,osm,way,286485541
53.128614,23.108353,,osm,way,286600737
51.157038,15.015481,,osm,way,286608713
50.035663,18.402825,,osm,way,286712520
52.994828,18.702798,,osm,way,287534060
52.406194,17.082443,,osm,way,287674197
50.585109,21.686211,,osm,way,287830181
50.574762,21.665264,,osm,way,287902863
50.569088,21.668208,,osm,way,287903725
50.779957,18.963268,,osm,way,287935746
53.152186,17.258582,,osm,way,288014842
53.159947,22.081024,,osm,way,288178776
51.750049,19.495186,,osm,way,288293776
50.077238,19.88339,,osm,way,288353171
50.689472,16.704312,,osm,way,288358141
49.99513,22.646105,,osm,way,288578252
50.077276,19.967371,,osm,way,288643184
50.134968,19.951202,,osm,way,288734265
49.920994,20.946979,,osm,way,288833357
52.410849,16.841847,,osm,way,288898809
50.04326,19.265085,,osm,way,288930630
54.073934,17.353344,,osm,way,288965283
50.039939,19.249421,,osm,way,288974664
51.243867,15.541085,,osm,way,289017132
51.234665,22.499595,,osm,way,289020523
54.169763,15.566215,"Orlik",osm,way,289108115
52.685062,19.104753,,osm,way,289126929
52.169699,22.266297,,osm,way,289164592
53.824472,22.357734,,osm,way,289375294
53.824942,22.357434,,osm,way,289375297
52.778471,18.247465,,osm,way,289537677
54.174923,15.546741,,osm,way,289616100
53.160953,22.078566,,osm,way,289771821
50.262439,19.571906,,osm,way,289779792
52.212659,18.257343,,osm,way,289783806
50.780063,16.034242,,osm,way,289868621
51.760585,23.342253,,osm,way,289894144
49.613467,20.70291,,osm,way,289951924
50.096877,20.002781,,osm,way,289962947
50.33628,18.144728,,osm,way,290011211
50.897398,15.744138,,osm,way,290078251
50.911956,16.330532,,osm,way,290248736
52.077523,21.033025,,osm,way,290402480
53.428848,18.727093,,osm,way,290556776
54.006237,15.982769,,osm,way,290602671
52.174703,21.554612,,osm,way,290620879
54.762104,18.49836,,osm,way,290731633
51.721434,23.088748,,osm,way,291013236
50.568999,21.720618,,osm,way,291080547
52.657776,20.625546,,osm,way,291099227
50.014257,19.102552,,osm,way,291170233
50.014384,19.113438,,osm,way,291232305
50.796378,15.836027,,osm,way,291393367
53.984006,23.090374,,osm,way,291482745
49.951244,21.945865,,osm,way,291486698
52.798709,18.253172,,osm,way,291587534
51.945573,15.470961,,osm,way,291594508
51.943708,15.46891,,osm,way,291594511
51.360962,22.623999,,osm,way,291810295
52.668317,19.035267,,osm,way,292020902
52.668509,19.035514,,osm,way,292020936
52.663162,19.046095,,osm,way,292020996
54.214673,15.757909,,osm,way,292157920
52.441199,15.586547,,osm,way,292162293
53.1612,17.915169,,osm,way,292199942
49.415797,22.44884,,osm,way,292230409
52.07777,21.029868,,osm,way,292231128
50.057649,21.353519,,osm,way,292240248
49.933503,21.898348,,osm,way,292440324
50.411591,17.281532,,osm,way,292476282
53.728145,18.948384,,osm,way,292675714
53.738656,18.946941,,osm,way,292691777
53.729818,18.942146,,osm,way,292719350
53.729595,18.942637,,osm,way,292719351
50.790768,15.780615,,osm,way,292805347
52.860811,16.087512,,osm,way,292812347
54.360782,18.58342,,osm,way,293082313
54.348025,18.617768,,osm,way,293133879
54.354714,18.573328,,osm,way,293197342
51.824662,16.482142,,osm,way,293225302
54.462229,17.00173,,osm,way,293229671
54.462874,16.993991,,osm,way,293229675
53.147563,18.014216,,osm,way,293255354
53.147678,18.01418,,osm,way,293255355
53.147546,18.014237,,osm,way,293255359
53.144822,18.014489,,osm,way,293256842
52.410909,16.975886,,osm,way,293409895
51.212734,22.568903,,osm,way,293443508
52.341483,21.23648,,osm,way,293460107
54.335856,18.624615,,osm,way,294003124
52.976523,22.842723,,osm,way,294039116
50.821299,15.719727,,osm,way,294097098
54.462029,16.985225,,osm,way,294115589
50.873179,15.80733,,osm,way,294158317
50.891737,15.793625,,osm,way,294238713
52.557972,18.986049,,osm,way,294251563
52.429746,21.428629,,osm,way,294255491
54.701276,18.673434,,osm,way,294319007
50.094128,19.970739,,osm,way,294390801
50.094543,19.970996,,osm,way,294390802
50.1393,18.622803,,osm,way,294397407
53.029697,22.756216,,osm,way,294483563
50.581329,16.502758,,osm,way,294577195
54.340379,18.614292,,osm,way,294602936
51.651773,17.818568,,osm,way,294761990
52.85555,22.704873,,osm,way,294872465
51.23016,22.601197,,osm,way,294904053
50.089933,19.971087,,osm,way,294958502
52.651346,19.104778,,osm,way,294980467
50.875997,20.739192,,osm,way,295005683
51.64079,17.727106,,osm,way,295195425
51.776632,16.988945,,osm,way,295198706
53.287854,14.783501,,osm,way,295269902
52.210947,22.713326,,osm,way,295285219
51.079959,19.401146,,osm,way,295498776
50.958209,21.359029,,osm,way,295556920
50.583747,16.502391,,osm,way,295557237
53.109877,17.998997,,osm,way,295600688
52.355462,16.670988,,osm,way,295688473
50.577838,21.691281,,osm,way,295706403
49.949702,22.060123,,osm,way,296174197
53.110119,23.202671,,osm,way,296204315
52.797263,22.321713,,osm,way,296460328
51.07669,17.17514,,osm,way,296587243
51.357676,19.366566,,osm,way,296886733
54.145985,19.441449,,osm,way,297009202
53.194445,19.647205,,osm,way,297060767
51.138728,16.896779,,osm,way,297184926
51.247203,22.532563,,osm,way,297439412
52.686272,19.172106,,osm,way,297470206
50.37873,19.10944,,osm,way,297739141
50.118764,18.972606,,osm,way,297775149
50.016092,22.684366,,osm,way,297817397
52.38144,16.963712,,osm,way,297867049
50.821891,15.529603,,osm,way,297892605
51.244186,22.514838,,osm,way,298048050
51.594025,22.137051,,osm,way,298195373
50.575262,19.341243,,osm,way,298213332
50.023879,21.013151,,osm,way,298374043
50.0172,21.01466,,osm,way,298375990
53.194979,19.637624,,osm,way,298488337
50.207856,19.509096,,osm,way,298495259
51.797596,19.449897,,osm,way,298557779
54.595542,18.101015,,osm,way,298558536
52.525204,19.680093,,osm,way,298580915
53.208514,23.200122,,osm,way,298595751
53.206229,23.192699,,osm,way,298601665
54.107236,22.953596,,osm,way,298619012
53.448969,14.543436,,osm,way,298629936
52.361078,18.190345,,osm,way,298652375
50.266078,19.044909,,osm,way,298670105
53.373444,14.682934,,osm,way,298678880
50.578938,19.327043,,osm,way,298679491
51.290228,22.886318,,osm,way,298698039
51.291165,22.883077,"Orlik",osm,way,298701285
51.293473,22.887418,,osm,way,298706034
51.293452,22.88816,,osm,way,298706036
50.969709,16.349106,,osm,way,298763363
52.255297,20.926037,,osm,way,298787749
54.061232,19.663223,,osm,way,298815727
54.171704,21.135186,,osm,way,298846776
50.463631,17.329259,,osm,way,298864240
52.462237,16.651281,,osm,way,298888227
51.291883,22.889802,"boisko do koszykówki",osm,way,298900101
50.944019,21.40575,,osm,way,298991266
51.587794,18.710687,,osm,way,299004222
53.971905,14.772279,,osm,way,299012181
52.543737,19.726639,,osm,way,299018237
54.175331,15.56591,,osm,way,299025200
51.5321,14.73624,,osm,way,299029551
53.146548,17.961695,,osm,way,299172021
50.575257,21.684067,,osm,way,299257603
49.809349,21.436729,,osm,way,299375405
53.472608,14.547879,,osm,way,299519203
52.058538,19.195924,,osm,way,299564921
50.097068,20.056641,,osm,way,299572068
52.1159,21.582218,,osm,way,299626679
52.843707,17.746015,,osm,way,299716700
51.905125,21.080506,,osm,way,299809894
54.468332,18.461344,,osm,way,299863656
50.296659,21.469814,,osm,way,299871742
51.071202,16.10037,,osm,way,299885467
51.07244,16.100079,,osm,way,299885474
52.274878,15.602529,,osm,way,299888129
51.379078,20.28274,"Orlik",osm,way,299894033
50.792983,16.04169,,osm,way,299980662
53.556523,14.318679,,osm,way,299991672
49.858906,22.068149,"Koszykówka",osm,way,300072321
53.113315,23.141651,,osm,way,300143923
53.12847,18.052611,,osm,way,300298895
51.822339,19.900873,,osm,way,300356934
50.944876,21.390941,,osm,way,300566197
50.944619,21.390786,,osm,way,300566199
51.20853,16.160997,,osm,way,300577238
49.876061,22.078372,,osm,way,300694314
50.242537,21.768623,,osm,way,300783124
51.347862,19.368598,,osm,way,300846483
50.584604,16.497435,,osm,way,300848819
49.965585,22.027141,,osm,way,300868776
51.580035,17.660064,,osm,way,300870621
50.010641,19.899875,,osm,way,300928050
49.576594,21.86328,,osm,way,300983022
50.387453,18.962484,,osm,way,301117265
52.556852,19.689346,,osm,way,301257101
52.556778,19.688599,,osm,way,301257102
52.186449,21.574528,,osm,way,301257786
51.479113,22.59875,,osm,way,301308809
52.548068,19.712362,,osm,way,301350478
50.278093,18.704034,,osm,way,301371920
50.288831,18.732032,,osm,way,301403245
54.787647,18.406759,,osm,way,301443429
54.537067,17.755338,,osm,way,301444951
50.348133,18.62009,,osm,way,301556506
52.314436,16.12424,,osm,way,301577526
50.343285,18.624399,,osm,way,301628750
50.012194,21.997346,,osm,way,301640445
52.094362,21.614961,,osm,way,301653022
51.128499,16.945017,,osm,way,301690512
50.978326,14.948161,,osm,way,302304992
52.417354,17.077426,,osm,way,302408749
53.136707,23.189604,,osm,way,302588280
53.132666,23.182041,,osm,way,302590856
50.2235,19.062975,,osm,way,302620982
50.223336,19.063036,,osm,way,302620983
53.078077,21.561724,,osm,way,302714923
50.261166,17.873195,,osm,way,302741309
52.072111,19.383262,,osm,way,303040184
50.870767,18.414418,,osm,way,303077506
50.412117,23.208347,,osm,way,303104144
50.599887,19.304464,,osm,way,303116681
50.214217,18.990291,,osm,way,303144883
53.890786,18.355309,,osm,way,303157164
51.070138,17.047045,,osm,way,303249504
53.320366,18.505846,,osm,way,303294107
53.272932,18.446519,,osm,way,303334060
51.120108,20.866384,,osm,way,303349263
51.113202,20.889268,,osm,way,303353024
50.879491,18.422167,,osm,way,303357362
50.049892,19.923535,,osm,way,303379016
53.313645,18.423467,,osm,way,303429478
51.213198,22.700247,,osm,way,303454813
50.087652,19.971374,,osm,way,303605006
49.849886,19.329514,,osm,way,303681419
53.678421,16.938457,,osm,way,303751084
52.420406,17.081748,,osm,way,303793740
54.373135,18.512173,,osm,way,303834433
53.536625,14.552264,,osm,way,303997416
51.526431,20.008284,,osm,way,304088703
51.453173,16.350008,,osm,way,304090149
51.130763,16.959105,,osm,way,304124804
51.130626,16.959408,,osm,way,304124805
53.546819,14.552174,,osm,way,304221191
49.814161,22.851753,,osm,way,304260084
53.54522,14.558394,,osm,way,304290674
54.153365,19.432133,,osm,way,304419429
51.881177,16.068591,,osm,way,304479385
54.512655,18.536584,,osm,way,304488051
54.512829,18.536594,,osm,way,304488052
54.512484,18.536567,,osm,way,304488053
50.293389,18.671249,,osm,way,304490744
50.25065,18.680137,,osm,way,304494751
50.879383,18.409703,,osm,way,304763889
51.6381,17.827116,,osm,way,304818393
53.101171,18.107491,,osm,way,304935565
53.079836,21.569477,,osm,way,304965548
49.651191,21.473819,,osm,way,305027188
50.075702,20.00779,,osm,way,305061289
51.053875,19.455002,,osm,way,305323235
51.954269,19.72655,,osm,way,305402486
53.548852,14.570541,,osm,way,305418683
53.130764,18.044056,,osm,way,305535641
51.157842,15.002802,,osm,way,305639499
53.080098,21.571912,,osm,way,305640768
50.822915,17.266942,,osm,way,305675857
49.732629,20.315064,,osm,way,305692683
54.177918,15.571209,,osm,way,305831513
53.139082,23.184322,,osm,way,306149533
51.489833,17.943468,,osm,way,306424026
50.034433,19.93433,,osm,way,306690897
53.136844,18.010261,"Orlik",osm,way,306737561
54.529579,17.733283,,osm,way,306984801
50.171428,22.610823,,osm,way,307222441
52.864493,22.349243,,osm,way,307430926
51.802337,19.761344,,osm,way,307460353
51.592376,17.694204,,osm,way,307504647
52.390149,16.927415,,osm,way,307552732
52.185006,21.143167,,osm,way,307688153
51.891625,16.450826,,osm,way,307807198
52.591423,17.254283,,osm,way,307829005
51.94358,16.468386,,osm,way,307871996
50.079521,19.984901,,osm,way,307922974
53.145282,23.115237,,osm,way,307933943
53.145033,23.115895,,osm,way,307933944
53.127365,18.103288,,osm,way,308109633
51.697784,17.442238,,osm,way,308130522
51.783287,19.431181,,osm,way,308187000
53.07257,21.59103,,osm,way,308360301
50.043338,19.941775,,osm,way,308416098
50.943606,21.411309,,osm,way,308746037
49.907023,19.966957,,osm,way,308830020
52.804905,18.402195,,osm,way,308864922
49.762236,21.683116,,osm,way,308889422
53.128059,17.987077,,osm,way,308892680
53.128228,17.975831,,osm,way,308893198
51.1427,23.456607,,osm,way,308933066
51.337816,16.632395,,osm,way,308971882
52.484411,16.730821,,osm,way,309214710
52.984022,22.2486,,osm,way,309596366
52.990972,22.247394,,osm,way,309597186
51.744547,19.487602,,osm,way,309598116
52.968765,22.248896,,osm,way,309598643
51.122869,16.981325,,osm,way,309650678
50.068845,21.71196,,osm,way,309688626
50.041962,22.034673,,osm,way,309691939
49.961352,22.026514,,osm,way,309694525
52.288097,17.886069,,osm,way,309837746
53.142839,23.127804,,osm,way,310110140
50.128363,19.404097,,osm,way,310344052
50.741354,16.640684,,osm,way,311094729
53.054099,21.603582,,osm,way,311166496
50.640068,17.824396,,osm,way,311173009
51.846676,21.706987,,osm,way,311222524
51.123286,17.035238,,osm,way,311293397
51.5375,17.977215,"Orlik",osm,way,311307202
54.178998,15.635639,,osm,way,311376920
51.102194,17.050659,,osm,way,311444396
51.12759,17.035245,,osm,way,311521101
49.720498,18.917696,,osm,way,311554534
52.975884,22.248677,,osm,way,311570555
52.416475,16.893785,,osm,way,311644713
54.386259,18.609328,,osm,way,311812100
49.772684,22.789024,,osm,way,312001170
51.746199,19.483966,,osm,way,312002367
51.265599,15.528239,,osm,way,312054930
51.104396,17.045784,,osm,way,312075491
51.606515,17.651684,"Boisko",osm,way,312304771
51.118254,17.012154,,osm,way,312466424
51.118313,17.0119,,osm,way,312466426
50.383166,19.766597,,osm,way,312477491
50.285699,21.464599,,osm,way,312516268
54.156725,19.396717,,osm,way,312570084
49.992913,22.106877,,osm,way,312672700
54.150155,15.614164,,osm,way,312726021
52.989555,16.922119,,osm,way,312738125
51.273444,15.560028,,osm,way,312836976
50.807851,19.105168,,osm,way,312935646
50.807867,19.10539,,osm,way,312935653
50.26041,19.056013,,osm,way,312978593
50.2604,19.056195,,osm,way,312978598
52.103189,19.959291,,osm,way,313374469
51.812612,21.901472,,osm,way,313382188
50.712612,18.102974,,osm,way,313462690
49.692364,21.189187,,osm,way,313527612
49.720115,21.771796,,osm,way,313601098
53.098766,21.783183,,osm,way,313840097
51.120217,17.027472,,osm,way,313952875
49.960025,19.70203,,osm,way,313960489
52.601556,20.578324,"wielofunkcyjne boisko przy ZS w Jońcu",osm,way,314010930
50.761602,19.063428,,osm,way,314248662
51.113976,17.06483,,osm,way,314340416
53.135786,18.035121,,osm,way,314710591
50.308543,21.412243,,osm,way,314762408
51.473822,16.216629,,osm,way,314869713
51.504494,16.271574,,osm,way,314901694
51.137717,17.062164,,osm,way,314977615
54.139964,19.460601,,osm,way,315044049
54.157919,15.555489,,osm,way,315262545
51.969625,18.958677,,osm,way,315281987
51.969812,18.958656,,osm,way,315281988
53.096118,21.613104,,osm,way,315418686
52.300392,21.047897,,osm,way,315436764
51.11665,16.955359,,osm,way,315479536
53.10123,21.621266,,osm,way,315600159
53.850304,20.127933,,osm,way,315675554
52.272496,20.980169,,osm,way,315716969
53.1462,23.117051,,osm,way,315743807
51.113473,16.950538,,osm,way,315854404
51.11842,16.947264,,osm,way,315854445
50.80032,19.110203,,osm,way,316067144
51.15171,16.859613,,osm,way,316194969
52.516424,21.076942,,osm,way,316228176
54.118111,15.528722,,osm,way,316360302
51.058225,16.179544,,osm,way,316657396
51.964551,15.458737,,osm,way,316713387
50.416873,21.746936,,osm,way,316764547
51.186206,18.761792,"Boisko Orlik",osm,way,316935833
52.246935,21.077062,,osm,way,317237677
52.246727,21.076519,,osm,way,317237678
53.139942,18.023384,,osm,way,317247037
52.237933,21.082992,,osm,way,317374885
53.073918,21.54195,,osm,way,317511042
51.387085,21.12126,,osm,way,317523898
52.077617,20.8895,,osm,way,317689585
49.989743,19.714467,,osm,way,317767390
52.173207,21.070289,,osm,way,317855295
53.11846,17.959868,,osm,way,318007680
50.294342,21.426239,,osm,way,318075512
50.94679,20.253809,"Orlik",osm,way,318094060
50.568657,21.673522,,osm,way,318483947
54.169955,15.577163,,osm,way,318490132
51.639032,17.810607,,osm,way,318696258
52.230015,21.088473,,osm,way,318715791
51.938943,15.469158,,osm,way,318867353
54.126169,15.597328,,osm,way,319061223
51.95545,19.72698,,osm,way,319167647
50.222602,19.843459,,osm,way,319169469
53.826656,21.453609,,osm,way,319174176
53.907531,14.240248,,osm,way,319264638
54.174164,15.544242,,osm,way,319318584
53.245668,20.190969,,osm,way,319646631
54.094421,15.434002,,osm,way,319813561
50.350907,18.233483,,osm,way,319851711
52.156547,21.202287,,osm,way,319856962
50.509102,19.414185,,osm,way,319876144
52.542186,16.946378,,osm,way,319919057
49.856242,22.131162,"Koszykówka",osm,way,319988145
54.093467,15.421271,,osm,way,320107562
50.58959,19.101493,,osm,way,320185170
54.088508,15.470895,,osm,way,320483189
53.127803,18.01299,,osm,way,320546146
52.399721,17.059493,,osm,way,320779342
51.625926,17.800111,,osm,way,320805073
52.168014,16.454289,,osm,way,320919247
49.647635,21.173463,,osm,way,320996464
49.663996,21.158852,,osm,way,321043607
51.627111,21.923024,,osm,way,321131501
53.275474,16.485448,,osm,way,321138675
49.676846,21.168479,,osm,way,321191431
49.812213,22.227874,,osm,way,321412886
53.149352,18.126683,,osm,way,321539305
51.646316,17.813724,,osm,way,321637272
51.646694,17.813342,,osm,way,321637273
52.14277,21.058267,,osm,way,321793501
52.635102,16.945538,,osm,way,321946613
50.845833,16.46556,,osm,way,322139466
50.84554,16.465484,,osm,way,322139467
51.138696,17.022907,,osm,way,322213654
51.138708,17.023162,,osm,way,322213746
54.100875,23.009086,,osm,way,322238637
51.124662,15.285414,,osm,way,322240512
49.952282,22.599453,,osm,way,322767010
51.122623,15.26913,,osm,way,323013477
51.262475,15.563869,,osm,way,323050846
51.286991,15.220717,,osm,way,323059267
50.119824,19.928858,,osm,way,323270030
50.087556,19.942615,,osm,way,323440319
53.026082,18.593133,,osm,way,323965982
49.657527,21.255624,,osm,way,324336128
54.135733,15.7283,,osm,way,324404647
54.135103,15.728217,,osm,way,324404650
51.860816,19.387918,,osm,way,324492755
52.277725,20.920473,,osm,way,324996778
51.37191,17.470719,"Orlik",osm,way,325449376
52.118503,16.35561,,osm,way,325720962
53.456822,14.455082,,osm,way,326015975
50.336243,18.200492,,osm,way,326045029
50.347603,18.209051,,osm,way,326370071
51.613707,16.860051,,osm,way,326561344
50.258066,18.972982,,osm,way,326595488
52.895429,20.283717,,osm,way,326617940
49.744971,21.478831,"Orlik 2012",osm,way,326762505
50.261407,19.051752,,osm,way,326841783
50.345424,18.23359,,osm,way,327438596
53.025018,18.620715,,osm,way,327612705
49.581535,19.342795,,osm,way,328004421
49.628893,19.331693,,osm,way,328012899
49.739831,21.469871,,osm,way,328060071
53.004436,14.957387,,osm,way,328221840
53.241115,20.202709,,osm,way,328256886
50.212104,16.680683,,osm,way,328259649
51.813112,17.996766,,osm,way,328262194
50.137636,19.63165,,osm,way,328468764
50.009386,20.086219,,osm,way,328490812
50.469813,20.725028,,osm,way,329052845
54.040578,15.663009,,osm,way,329114715
49.484799,20.025416,,osm,way,329129119
54.135133,16.117804,,osm,way,329203643
53.342148,15.011014,,osm,way,329205892
50.322355,17.564683,,osm,way,329386435
49.644817,22.042605,,osm,way,329445796
51.229248,22.506758,,osm,way,329576088
52.391943,16.97937,,osm,way,329637875
51.742905,19.574228,,osm,way,329662247
53.740542,19.210381,,osm,way,329671601
51.733078,19.790457,"Boisko Szkolne SP w Różycy",osm,way,330189650
50.466853,20.720226,,osm,way,330258608
50.070718,18.302619,,osm,way,330280303
50.594306,16.819144,,osm,way,330318433
53.314528,15.033757,,osm,way,330332064
52.347748,21.262486,,osm,way,330347198
54.122418,15.389309,,osm,way,330348869
49.656825,21.153849,,osm,way,330533322
52.251421,20.977027,,osm,way,330572389
54.091333,15.795885,,osm,way,330582368
50.911018,18.931993,,osm,way,330711812
53.751394,19.207706,,osm,way,330865448
54.088621,15.74212,,osm,way,330913342
51.217014,19.342948,,osm,way,330933274
51.225377,19.300488,,osm,way,330935604
53.152736,18.176714,,osm,way,331133543
51.947259,15.526051,,osm,way,331145192
50.265235,19.577309,,osm,way,331244699
52.438416,16.945984,,osm,way,331307499
50.785144,19.134518,,osm,way,331366515
50.843256,19.131214,,osm,way,331406362
49.478311,20.028295,,osm,way,331540952
52.382724,16.966702,,osm,way,331544388
51.328936,19.117658,,osm,way,331690557
51.355659,17.470212,,osm,way,331804357
50.842067,19.13621,,osm,way,331901895
50.845336,19.13005,,osm,way,331902096
53.270231,19.405489,,osm,way,331961601
50.84552,19.135583,,osm,way,332006272
49.281933,19.971274,,osm,way,332012161
51.607138,16.855196,,osm,way,332277362
49.620158,20.691479,,osm,way,332309659
49.620235,20.691712,,osm,way,332309660
51.196759,17.009806,,osm,way,332419674
52.139953,21.063115,,osm,way,332445391
52.139868,21.062768,,osm,way,332445392
50.299083,16.651681,,osm,way,332466572
52.653172,16.790959,,osm,way,332468341
52.026635,23.147378,,osm,way,332614874
52.399724,14.759738,,osm,way,332663596
52.399556,14.759619,,osm,way,332663597
53.819317,22.353813,,osm,way,332748055
53.050258,16.722581,,osm,way,332911307
51.396722,19.77129,,osm,way,333170476
52.245661,20.950491,,osm,way,333178368
52.245731,20.950874,,osm,way,333178373
53.144443,23.107532,,osm,way,333192390
49.79674,22.757991,,osm,way,333574861
49.795495,22.770358,,osm,way,333574863
49.787104,22.763763,,osm,way,333931672
50.242144,18.823246,,osm,way,334054862
50.127999,19.407809,,osm,way,334152518
49.609483,20.699513,,osm,way,334176964
52.23198,21.018722,,osm,way,334199815
49.611944,20.717858,,osm,way,334377423
49.484016,20.077097,,osm,way,334697389
52.245831,20.949652,,osm,way,334727639
51.672624,22.625105,,osm,way,334911160
52.050328,23.566275,,osm,way,335351892
50.061067,19.915177,,osm,way,335392749
50.06112,19.914097,,osm,way,335392753
50.362983,19.040173,,osm,way,335416435
51.690752,17.429452,,osm,way,335536728
54.175834,15.541169,,osm,way,335750192
51.762101,18.094229,,osm,way,335982508
51.669302,17.825026,,osm,way,336002674
53.120377,17.83784,,osm,way,336123960
54.24959,22.65649,,osm,way,336133234
52.223419,21.034602,,osm,way,336338601
50.296537,21.418572,,osm,way,336638452
52.994574,15.061352,,osm,way,336787531
51.130124,20.89926,,osm,way,337095727
50.807044,16.258889,,osm,way,337145814
50.844798,15.780478,,osm,way,337202927
49.881961,19.203502,,osm,way,337267589
52.19359,21.022053,,osm,way,337389851
52.200415,21.017163,,osm,way,337412861
50.283868,18.671521,,osm,way,337414815
50.923699,22.232976,,osm,way,337530258
50.935399,22.216937,,osm,way,337764286
51.224681,17.402416,,osm,way,337805829
50.015608,22.165786,,osm,way,338008912
51.84748,16.561145,,osm,way,338020032
51.848274,16.560883,,osm,way,338020033
53.909199,19.937721,,osm,way,338112052
53.924752,19.92561,,osm,way,338113514
52.18422,21.027545,,osm,way,338163424
53.501354,19.3424,,osm,way,338325771
50.279629,19.566453,,osm,way,338477288
49.851919,22.949485,,osm,way,338535243
50.529168,23.717738,,osm,way,338854656
50.480004,19.427734,,osm,way,339005698
50.479659,19.432162,,osm,way,339009389
50.289763,16.877189,,osm,way,339363237
49.512979,21.918223,,osm,way,339402732
54.19274,16.191507,,osm,way,339708304
52.803246,21.903782,,osm,way,339742599
52.33245,16.878528,,osm,way,340298036
49.631743,20.665342,,osm,way,340331309
52.780538,18.948107,,osm,way,340707731
53.744353,20.481619,"Boisko - koszykówka",osm,way,340938143
51.478622,16.100089,,osm,way,340967661
51.512585,16.076382,,osm,way,341204353
51.212799,22.571814,,osm,way,341265165
54.123702,17.96992,,osm,way,341420360
53.745228,20.496824,,osm,way,341513790
53.740548,20.506199,,osm,way,341513792
53.263332,16.463766,,osm,way,341560703
54.705744,18.65556,,osm,way,341779161
50.036543,19.202836,,osm,way,342165490
51.733266,19.47729,,osm,way,342336531
50.039722,19.199861,,osm,way,342402330
52.159805,22.237351,,osm,way,342518862
53.777355,20.447885,,osm,way,342552709
49.841023,19.58033,,osm,way,342878459
52.174536,22.299052,,osm,way,343908986
51.886914,18.953015,,osm,way,344082817
49.715698,19.977923,,osm,way,344131181
52.226726,17.277602,,osm,way,344196563
53.49915,19.39006,,osm,way,344302282
51.223046,22.57766,,osm,way,344343616
51.814597,19.316396,,osm,way,344468155
49.696371,19.868132,,osm,way,344483750
52.197482,18.234373,,osm,way,344518393
51.597164,16.049333,,osm,way,344955026
50.017708,19.806927,,osm,way,345081761
50.110437,18.988359,,osm,way,345110413
49.575171,19.907659,,osm,way,345511861
50.712684,16.843916,,osm,way,345571312
54.18528,16.216831,,osm,way,345908614
52.247825,20.954419,,osm,way,346376866
50.074357,18.412951,,osm,way,346536751
50.319293,19.153023,,osm,way,346609421
53.82039,22.355632,,osm,way,346670814
49.558674,19.090329,,osm,way,346762947
50.345618,16.881895,,osm,way,346988345
51.951915,20.153117,,osm,way,347107860
50.059146,19.258297,,osm,way,347394022
49.580392,20.731708,,osm,way,347618716
49.570925,20.683677,,osm,way,347933765
49.968505,19.835472,,osm,way,348391014
51.773969,18.082893,,osm,way,348411339
50.243135,22.931036,,osm,way,348576081
52.417584,17.077315,,osm,way,349432707
52.417478,17.077327,,osm,way,349432708
50.957176,15.318813,,osm,way,349518740
51.273749,15.559783,,osm,way,349791922
50.040082,19.243315,,osm,way,349924329
53.739498,20.503796,,osm,way,350129882
52.240609,20.959083,,osm,way,350199182
53.152215,16.748116,,osm,way,350961493
54.766098,17.585799,,osm,way,351252729
49.720993,19.263508,,osm,way,351369923
49.729904,19.261297,,osm,way,351384503
49.519829,21.479129,,osm,way,351497755
49.755255,18.650761,,osm,way,351671363
51.148229,18.999341,,osm,way,351835767
52.134946,21.071184,,osm,way,351838356
51.188752,17.277835,,osm,way,352137477
52.275515,20.926223,,osm,way,352176711
52.272911,20.929678,,osm,way,352271443
51.113182,15.904231,,osm,way,352312660
50.980443,20.543631,,osm,way,352562320
50.940746,20.42193,,osm,way,352630261
50.945745,17.295074,,osm,way,352980189
50.736907,20.969431,,osm,way,352998558
50.813759,20.684468,,osm,way,353048217
53.121897,23.154739,,osm,way,353616163
52.329776,17.573377,,osm,way,353655976
51.127268,17.069646,,osm,way,353668437
50.751458,23.76663,,osm,way,353852454
52.680857,14.894041,,osm,way,354106847
54.391883,18.580521,,osm,way,354197301
54.15044,16.199426,,osm,way,354391346
50.172584,20.988795,,osm,way,354637105
50.178048,20.985202,,osm,way,354655227
53.119357,20.366271,,osm,way,354672045
51.172193,17.053181,,osm,way,355137848
53.807256,22.366108,,osm,way,355299811
53.492137,20.140714,,osm,way,355512320
50.831019,19.109637,,osm,way,355530273
50.101606,20.019724,,osm,way,356266676
53.795086,22.347141,,osm,way,356588463
50.141589,19.417092,,osm,way,356777220
54.822136,18.316293,,osm,way,356859777
53.41238,22.422355,,osm,way,356903030
51.369523,19.876947,,osm,way,356985831
51.197156,19.49625,,osm,way,357486179
49.841712,21.925201,,osm,way,357527074
50.07219,21.842091,,osm,way,357643800
50.921108,20.43126,,osm,way,357720892
53.640219,15.616326,,osm,way,357939034
53.536982,17.230231,,osm,way,358042529
50.820592,19.120105,,osm,way,358228901
52.100466,21.269042,,osm,way,358298784
50.112647,19.69497,,osm,way,358309184
51.654144,16.960045,,osm,way,358447302
52.163878,21.030718,,osm,way,358574152
52.628272,18.163266,,osm,way,358623147
50.134747,22.760458,,osm,way,358646226
52.590553,20.801614,,osm,way,358651278
52.075242,18.165081,,osm,way,358689667
51.655707,16.951422,,osm,way,358943008
52.862812,17.943654,,osm,way,359095284
52.455713,17.893776,,osm,way,359514017
50.351007,16.581722,,osm,way,359547157
50.822416,19.120351,,osm,way,359659196
52.225601,19.378618,,osm,way,360260841
53.23481,20.171978,,osm,way,360789857
53.297978,18.777949,,osm,way,360849500
50.064263,19.446009,,osm,way,360876793
49.672618,20.689171,,osm,way,360888291
52.992581,15.210103,,osm,way,361069283
52.887709,20.600572,,osm,way,361267259
52.883083,20.630846,,osm,way,361435696
53.428428,19.044893,,osm,way,361449519
50.152296,19.489845,,osm,way,361459734
52.873314,18.692267,,osm,way,361622710
50.887047,21.657969,,osm,way,361624369
50.751435,16.226108,,osm,way,361809533
50.949113,21.406038,,osm,way,361933354
50.335916,19.215439,,osm,way,361952559
52.249729,17.077883,,osm,way,362073704
53.352417,18.435302,,osm,way,362229914
53.19948,23.206629,,osm,way,362238070
51.106619,16.964751,,osm,way,362423518
49.69088,20.505427,,osm,way,362578602
50.082173,19.976415,,osm,way,362583779
50.179106,19.461086,,osm,way,362767158
53.24455,19.336563,,osm,way,362905257
50.201475,19.439302,,osm,way,363267254
52.146732,20.814504,,osm,way,363327915
54.358609,18.617143,,osm,way,363366222
50.145323,16.671778,,osm,way,363367479
51.242553,22.514848,,osm,way,363469073
51.742915,19.408099,,osm,way,363504903
50.884766,15.549092,,osm,way,363532347
54.379043,18.601737,,osm,way,363550392
51.476914,21.050961,,osm,way,363784916
51.082345,16.9955,,osm,way,363995783
51.071086,17.713445,,osm,way,364212779
51.531529,21.092897,,osm,way,364233851
54.118929,17.964191,,osm,way,364251560
49.963472,19.634268,,osm,way,364305742
50.125575,19.404427,,osm,way,364409573
54.606323,18.269485,,osm,way,364465434
49.604963,19.114089,,osm,way,364634477
50.945021,21.415655,,osm,way,364771553
50.008077,21.905069,,osm,way,364824691
50.316546,19.174936,,osm,way,364917223
50.233045,18.655376,,osm,way,365887763
54.327087,18.106747,,osm,way,366131696
49.939917,19.619598,,osm,way,366452547
50.260935,19.058291,,osm,way,366677477
52.236214,20.988907,,osm,way,366869769
50.005506,19.965586,,osm,way,367012013
51.506208,16.073671,,osm,way,367135284
51.509193,16.076299,,osm,way,367135289
51.510921,16.075945,,osm,way,367135291
53.701928,16.709671,,osm,way,367448492
49.637324,20.504786,,osm,way,367555547
52.046984,21.108847,,osm,way,367640410
49.689397,22.471577,,osm,way,367760230
51.069023,23.704362,,osm,way,367823753
52.648479,16.809538,,osm,way,368066097
54.095235,18.782261,,osm,way,368169609
51.726428,19.467015,,osm,way,368354975
51.506056,16.031813,,osm,way,368411546
50.958916,21.349846,,osm,way,368411554
49.667415,20.500864,,osm,way,368599411
51.217588,22.704704,,osm,way,368644047
51.123484,15.285404,,osm,way,368794475
50.958747,21.277318,,osm,way,368811737
53.363392,14.655249,,osm,way,369152962
54.193816,19.436333,,osm,way,369312796
54.416596,16.406623,,osm,way,369361572
54.418645,16.41862,,osm,way,369361577
54.28193,18.041051,,osm,way,369497891
50.952304,21.37011,,osm,way,369644314
50.927139,21.38392,,osm,way,369801783
50.94603,21.398707,,osm,way,369872359
49.563709,20.637631,,osm,way,369994679
51.217202,22.70444,,osm,way,370205314
52.272903,20.970685,,osm,way,370299354
51.093516,17.036905,,osm,way,370301719
51.159242,23.493997,,osm,way,370350428
54.025624,19.045312,,osm,way,370415040
52.273847,20.955557,,osm,way,370482845
51.200719,15.494523,,osm,way,370570289
52.156541,21.800079,"Orlik",osm,way,370686160
53.148898,16.744297,,osm,way,370813544
50.005734,19.95383,,osm,way,370862169
50.080322,19.88187,,osm,way,370929949
52.236302,21.10645,,osm,way,371266035
51.638679,17.835001,,osm,way,371574627
51.499677,16.073816,,osm,way,371744940
51.499612,16.073536,,osm,way,371744941
50.910134,15.747025,,osm,way,371813409
51.743621,19.406502,,osm,way,371900443
53.125057,18.033966,,osm,way,371951193
50.871326,15.700614,,osm,way,371953196
51.786567,21.186618,,osm,way,372083917
51.785642,21.186356,,osm,way,372228867
51.405393,19.663887,,osm,way,372282793
50.934026,15.741788,,osm,way,372331007
50.002303,19.908413,,osm,way,372556088
52.193949,21.005033,,osm,way,372575247
50.08044,19.955361,,osm,way,372602333
51.148226,15.315756,,osm,way,372775088
50.196878,19.423966,,osm,way,372816417
52.387824,14.631037,,osm,way,372971229
50.44869,23.400558,"Hala Sportowa OSiR",osm,way,373351456
52.200636,20.97469,,osm,way,373390107
51.146652,15.176263,,osm,way,373536282
52.002138,17.593797,,osm,way,373884994
53.769803,20.504917,,osm,way,373886510
53.770739,20.505259,,osm,way,373886511
51.742474,19.403542,,osm,way,374074782
51.933483,15.489831,,osm,way,374186085
51.764856,17.124949,,osm,way,374400027
51.512571,16.070397,,osm,way,374434219
53.232047,20.163616,,osm,way,374492645
54.390191,18.584763,,osm,way,374525048
49.609996,19.967558,,osm,way,374692354
50.278362,18.853905,,osm,way,374743473
51.241718,22.552909,,osm,way,375240134
51.999461,15.473293,,osm,way,375423424
51.933001,15.485097,,osm,way,375539386
51.120888,16.990287,,osm,way,375720556
51.054445,17.061982,,osm,way,375730219
51.129546,17.043634,,osm,way,376030900
52.252419,15.459037,,osm,way,376236600
50.136886,18.869492,,osm,way,376378009
51.106861,15.237091,,osm,way,376474363
51.122437,17.03736,,osm,way,376789300
51.118851,15.274414,,osm,way,376826046
51.132919,15.284892,,osm,way,376826432
52.308717,21.217512,,osm,way,377040765
53.237708,20.160518,,osm,way,377046403
51.119379,15.271306,,osm,way,377201021
51.057949,17.014291,,osm,way,377392543
52.433911,19.466505,,osm,way,377445834
51.703656,16.75049,,osm,way,377448281
51.40257,16.186445,,osm,way,377602404
51.402759,16.185781,,osm,way,377602614
51.118199,15.219107,,osm,way,377723553
50.900922,22.27906,,osm,way,377763246
50.093699,21.915298,,osm,way,377845573
52.733431,14.700269,,osm,way,377853168
54.044806,17.921469,,osm,way,377979967
52.42301,19.467776,,osm,way,378120573
51.069282,15.372838,,osm,way,378321856
49.778935,22.134517,,osm,way,378375817
50.410227,17.082094,,osm,way,378408376
52.388188,16.896736,,osm,way,378494715
50.973122,15.385402,,osm,way,378517720
51.815038,17.948146,,osm,way,378623312
50.784553,16.646113,,osm,way,378751781
52.577934,17.012619,,osm,way,378770496
52.233408,20.911615,,osm,way,378952846
53.137347,16.749958,,osm,way,379045091
53.136176,16.742586,,osm,way,379046263
49.671365,19.190884,,osm,way,379394795
49.898687,22.644332,,osm,way,379799098
51.135219,23.480472,,osm,way,379961498
50.288338,19.183291,,osm,way,380130582
52.414949,16.978155,,osm,way,380163300
52.442129,19.479151,,osm,way,380275390
52.225019,18.253465,,osm,way,380319336
52.040399,20.860475,,osm,way,380335480
54.074992,18.790544,,osm,way,380380851
51.943053,15.525533,,osm,way,380438093
52.992281,18.606404,,osm,way,380482781
52.227058,21.068885,,osm,way,380800253
51.123275,17.033204,,osm,way,381111801
50.323385,19.113927,,osm,way,381368683
51.115238,17.047843,,osm,way,382100479
50.663418,16.184178,,osm,way,382228410
50.334871,18.93506,,osm,way,382406818
51.138057,17.079863,,osm,way,382518469
52.279549,16.716693,,osm,way,382585386
51.014584,18.57199,,osm,way,382953917
52.241872,20.946756,,osm,way,382975648
50.016621,19.923979,,osm,way,383293200
51.103554,17.108999,,osm,way,383309170
54.075773,18.792005,,osm,way,383421529
53.103803,18.049971,,osm,way,383514573
53.103729,18.049537,,osm,way,383514574
51.109824,17.099081,,osm,way,383619667
50.934583,16.111768,,osm,way,383800568
52.311424,21.06968,,osm,way,383834904
51.80541,21.285939,,osm,way,383901286
54.039165,23.354288,,osm,way,384095187
51.139646,17.066472,,osm,way,384227214
52.199466,18.154028,,osm,way,384240326
50.036348,20.137451,,osm,way,384529213
51.242348,22.525404,,osm,way,384564444
49.559801,20.435785,,osm,way,385027862
49.542502,20.404684,,osm,way,385742724
51.23034,17.323394,,osm,way,385874131
49.566164,20.631905,,osm,way,385907418
51.269054,16.469016,,osm,way,385996934
52.211914,19.466188,,osm,way,386044433
49.699446,20.460869,,osm,way,386063380
51.767711,16.803922,,osm,way,386066826
51.035746,17.147952,,osm,way,386257296
52.15888,20.811182,,osm,way,386274199
51.137124,17.03784,,osm,way,386352245
52.193389,20.860725,,osm,way,386517371
52.178585,20.842597,,osm,way,386520072
52.168882,20.805581,,osm,way,386888821
53.116911,18.003214,,osm,way,386941992
52.072611,20.695074,,osm,way,386976555
53.24929,19.415313,,osm,way,387027297
51.311828,17.711696,,osm,way,387562924
51.716531,19.483792,,osm,way,387726427
50.12062,19.855778,,osm,way,387822400
50.027884,21.003139,,osm,way,387998367
51.257082,16.059512,,osm,way,388098725
53.212957,18.055587,,osm,way,388139255
54.301059,18.576611,,osm,way,388665194
50.162462,19.443043,,osm,way,388667049
52.808717,18.08593,,osm,way,388752309
51.144242,17.1396,,osm,way,388919151
51.618555,17.061715,,osm,way,388958204
51.619126,17.060091,,osm,way,388958206
51.098542,17.022665,,osm,way,389027980
51.274832,17.977313,,osm,way,389074647
53.024613,18.672484,,osm,way,389171523
53.024215,18.686346,,osm,way,389171525
53.02632,18.685468,,osm,way,389171707
51.280952,17.984722,,osm,way,389178725
50.698229,16.565354,,osm,way,389279666
50.728504,16.908264,,osm,way,389492812
50.13472,21.67221,,osm,way,389523656
53.021346,18.620344,,osm,way,389594657
53.019382,18.614964,,osm,way,389594661
53.111373,18.018193,,osm,way,389689984
52.2386,21.120978,,osm,way,389691767
51.27377,17.989442,,osm,way,389878298
52.977735,18.683599,,osm,way,390062462
53.026494,18.700087,,osm,way,390231406
53.02504,18.691735,,osm,way,390231411
53.02196,18.685966,"Boisko ""Orlik"" przy 3 Liceum Ogólnokształcącym",osm,way,390380742
52.037264,20.942057,,osm,way,390410351
52.218032,21.033889,,osm,way,390483313
50.544476,19.364863,,osm,way,390999388
51.327036,15.419669,,osm,way,391001939
50.172432,19.406472,,osm,way,391294076
52.425769,17.485763,,osm,way,391452194
49.781838,22.823504,,osm,way,391589939
52.480168,18.164955,,osm,way,391640949
54.046203,22.88536,,osm,way,391642904
51.855429,16.841003,,osm,way,391675819
51.363787,15.415521,,osm,way,391818622
51.565298,16.69811,,osm,way,391820344
53.019801,18.677439,,osm,way,391898460
53.027681,18.690901,,osm,way,391901190
51.125628,23.461134,,osm,way,391966386
51.470982,17.623737,,osm,way,392529838
52.234338,18.219434,,osm,way,392534110
51.758956,17.113572,,osm,way,392653086
50.959212,16.234796,,osm,way,392678707
52.162024,20.794536,,osm,way,392679833
52.16448,20.802112,,osm,way,392690430
52.221809,16.528007,,osm,way,392706298
51.348546,15.58671,,osm,way,392752072
51.261273,15.678666,,osm,way,392771824
51.850455,16.581815,,osm,way,392842519
49.99841,19.427826,,osm,way,392995808
49.901934,22.512695,,osm,way,393242981
51.325924,15.572751,,osm,way,393336729
52.279488,20.96125,,osm,way,393614814
50.863759,16.222124,,osm,way,393667799
51.743638,17.138047,,osm,way,393704205
51.129239,15.564766,,osm,way,394150597
49.814234,19.051442,,osm,way,394583049
53.758426,20.47179,,osm,way,394684148
49.942959,20.04055,,osm,way,394927752
52.268785,21.049382,,osm,way,395000154
52.274359,21.045874,,osm,way,395002510
51.741929,19.392711,,osm,way,395100161
53.970408,18.535082,,osm,way,395683305
50.583113,20.114222,,osm,way,395821964
52.431258,16.776214,,osm,way,396236152
51.387752,16.849946,,osm,way,396408099
54.096647,18.76286,,osm,way,396513962
52.292365,17.358115,,osm,way,396553262
53.211153,18.38426,,osm,way,396561639
53.164799,18.156114,,osm,way,396771852
50.289035,18.658629,,osm,way,396789028
51.616398,15.302483,,osm,way,396949282
51.619564,15.296615,,osm,way,396964160
51.234013,17.18135,,osm,way,397119733
54.609873,18.225459,,osm,way,397131555
54.425856,18.577365,,osm,way,397440124
53.179169,18.302249,,osm,way,397631255
49.902758,20.199798,,osm,way,397653650
50.552521,18.952848,,osm,way,397715270
50.400938,16.509573,,osm,way,397756559
50.680093,16.622754,,osm,way,398124316
50.691128,16.619522,,osm,way,398188583
51.107456,15.584633,,osm,way,398305959
50.318654,17.59948,,osm,way,398556669
54.472897,18.498501,,osm,way,398559394
54.472737,18.498326,,osm,way,398559395
53.776903,20.471146,,osm,way,398708912
49.621889,20.716193,,osm,way,399051101
49.897833,19.483894,,osm,way,399064047
50.092734,19.975409,,osm,way,399124979
53.71183,16.699609,,osm,way,399201496
52.128388,21.104184,,osm,way,399533109
49.968185,19.831502,,osm,way,399698285
50.136759,17.688796,,osm,way,399860281
54.60049,18.281009,,osm,way,399896383
53.457871,18.729318,,osm,way,399955133
52.196896,21.017684,,osm,way,400071689
52.121956,18.238997,,osm,way,400346050
52.178091,18.26468,,osm,way,400610302
52.174997,18.260939,,osm,way,400610304
49.692236,22.104253,"Oralik Jabłonka",osm,way,401164222
53.158477,18.15971,,osm,way,401203992
52.242367,20.97636,,osm,way,401293242
54.448348,18.556627,,osm,way,401564325
54.413073,18.589512,,osm,way,401574242
52.237532,21.092724,,osm,way,401657446
53.035011,16.456232,,osm,way,401689549
51.078656,15.063105,,osm,way,401727830
51.079149,15.063616,,osm,way,401727832
52.163276,21.024504,,osm,way,401818919
51.137822,23.491612,,osm,way,401866754
51.13654,23.491131,,osm,way,401866757
51.136718,23.491153,,osm,way,401866758
51.234313,15.819918,,osm,way,402106976
51.280877,15.810584,,osm,way,402107002
51.123349,17.042922,,osm,way,402763289
49.822665,20.681435,,osm,way,402783088
52.209443,21.04068,,osm,way,402793288
52.406959,17.007752,,osm,way,402854385
51.308286,17.718117,,osm,way,402958599
51.25464,15.785789,,osm,way,403118954
50.14833,19.181376,,osm,way,403186487
52.724287,15.247031,,osm,way,403514433
50.088415,22.111318,,osm,way,403540091
50.096724,19.330289,,osm,way,403847381
52.539863,15.45995,,osm,way,404344885
52.434146,15.26218,,osm,way,404365903
51.113534,15.033609,,osm,way,404372331
51.717679,19.477304,,osm,way,404416795
51.717374,19.477337,,osm,way,404416796
50.01075,20.019548,"Klub Sportowy Baszta",osm,way,404724268
50.110949,19.331871,,osm,way,404776500
53.836624,22.37444,,osm,way,404798588
54.499652,18.471176,,osm,way,404975078
51.189119,15.865643,,osm,way,405126889
51.793509,19.445171,,osm,way,405328771
50.763951,16.248995,,osm,way,405632327
51.786181,19.447141,,osm,way,405726485
50.851264,15.595581,,osm,way,405826398
51.051622,18.449808,,osm,way,405987298
50.129432,19.112475,,osm,way,405998492
49.940651,21.848109,,osm,way,406165091
52.331202,21.116826,,osm,way,406456681
51.78546,19.441697,,osm,way,406490507
52.153826,21.635267,,osm,way,406582633
51.115826,20.895805,,osm,way,406642631
52.42997,17.767708,,osm,way,406690991
52.338512,20.868666,,osm,way,406693148
50.901844,16.408231,,osm,way,406840674
50.865936,16.314702,,osm,way,406896791
51.281051,15.677389,,osm,way,406942113
51.586786,19.750298,,osm,way,407544103
51.14421,16.246309,,osm,way,407971608
49.601421,19.911767,,osm,way,407990375
50.236293,18.832454,,osm,way,408399007
52.426905,16.85123,,osm,way,408409533
51.137891,15.004356,,osm,way,408786314
51.149546,15.011917,"boisko",osm,way,408786321
51.135064,15.174157,,osm,way,408799763
51.117439,15.198086,,osm,way,408863162
51.160942,15.10932,,osm,way,408863171
52.970874,14.607379,,osm,way,408898291
51.136885,20.56496,,osm,way,409015503
51.202181,17.35773,,osm,way,409049449
50.26651,18.988481,,osm,way,409232140
51.799307,19.59707,,osm,way,409347963
51.525958,17.27465,,osm,way,409491442
51.205232,17.390729,,osm,way,409584089
53.36425,14.597387,,osm,way,410093457
51.757292,19.461594,,osm,way,410517044
51.625703,17.364052,,osm,way,410868300
52.405344,16.917232,,osm,way,410931362
52.034722,15.079688,,osm,way,411047824
51.396683,17.359221,,osm,way,411126442
52.464928,17.683754,,osm,way,411281802
50.021256,19.94149,,osm,way,411355931
51.636193,17.841572,,osm,way,411479062
51.624619,17.829474,,osm,way,411479849
52.188257,20.830001,,osm,way,411834528
50.914321,21.368754,,osm,way,411981940
50.673155,16.910779,,osm,way,412149057
53.375503,14.653264,,osm,way,412180423
54.782014,18.158762,,osm,way,412419064
54.781939,18.15909,,osm,way,412419065
54.783989,18.195308,,osm,way,412429307
52.426174,16.646156,,osm,way,412467749
52.454268,17.583772,,osm,way,412488257
51.035518,16.762123,,osm,way,413021417
50.249009,19.032819,,osm,way,413187153
51.304488,16.167337,,osm,way,413528493
52.172162,20.856541,,osm,way,413607734
51.09051,16.885733,,osm,way,413639972
52.11185,16.122399,,osm,way,413749547
52.566363,17.830559,,osm,way,414118507
51.340522,15.899147,,osm,way,414386384
53.358562,17.036621,,osm,way,414560788
52.279847,20.981092,,osm,way,414667268
52.27828,20.982155,,osm,way,414668086
51.643523,17.81347,,osm,way,414800633
51.145973,17.12723,,osm,way,415105048
53.377049,14.659219,,osm,way,415362707
53.585383,17.868336,,osm,way,415524004
52.234004,20.247876,,osm,way,416074403
50.096954,22.226221,,osm,way,416423894
51.59251,18.253213,,osm,way,416474377
52.291172,17.880279,,osm,way,416982138
52.989523,18.534512,,osm,way,417685211
50.090043,19.091313,,osm,way,417937919
50.089918,19.091407,,osm,way,417937920
52.181683,21.465481,,osm,way,418063932
51.64088,17.832189,,osm,way,418115520
51.642611,17.828551,,osm,way,418120110
50.01578,19.999595,,osm,way,418392703
53.738231,20.478729,,osm,way,419264365
53.73812,20.478738,,osm,way,419264366
51.566201,15.527601,,osm,way,419488152
51.565314,15.543013,"Sala OSiR",osm,way,419488205
52.163769,21.201685,,osm,way,419560303
51.660986,16.541103,,osm,way,419678634
50.172765,19.915352,,osm,way,420030744
53.692095,20.407961,,osm,way,420084031
53.051335,18.589665,,osm,way,420371212
50.014,20.927961,,osm,way,420882974
50.486606,20.593227,,osm,way,421124217
52.244521,21.072678,,osm,way,421275953
52.244441,21.071305,,osm,way,421275954
51.263217,15.570695,,osm,way,421519748
49.425387,20.46983,,osm,way,421679585
53.724541,17.911348,,osm,way,421745804
50.089182,19.559602,,osm,way,421993909
53.077504,18.251843,,osm,way,422092924
51.182567,16.867074,,osm,way,422654419
52.518532,17.600542,,osm,way,422688410
51.105281,17.046524,,osm,way,423115096
50.007303,18.853705,,osm,way,423142430
50.096646,18.519144,,osm,way,423206345
50.291723,21.415196,,osm,way,423450342
50.863704,20.648744,,osm,way,423551999
51.975483,20.517801,,osm,way,423642126
49.960547,19.664653,,osm,way,423931839
49.398576,20.950887,,osm,way,424028554
50.987284,16.957495,,osm,way,424690690
51.115959,17.070784,,osm,way,424922057
54.272099,18.587468,"Kosz",osm,way,425161872
52.06008,19.195987,,osm,way,425199316
49.638406,21.492197,,osm,way,425421440
51.633498,17.827106,,osm,way,425624434
52.451853,16.913853,,osm,way,425726242
51.646504,17.809543,,osm,way,426018876
51.646403,17.809662,,osm,way,426018879
52.694092,22.059556,,osm,way,426102705
53.374811,14.667002,,osm,way,426551153
51.226715,22.696609,,osm,way,426587146
51.762852,20.247362,,osm,way,426603427
51.131936,16.782362,,osm,way,426905860
50.640636,18.348635,,osm,way,427021219
51.377597,17.830042,,osm,way,427362106
53.379453,14.645254,,osm,way,427497725
50.233167,18.997382,,osm,way,427544973
51.84389,16.581436,,osm,way,427556796
50.318808,17.578936,,osm,way,427564149
53.11539,17.973407,,osm,way,427961283
50.184736,19.933208,,osm,way,428088820
51.069516,17.011595,,osm,way,428367312
54.448339,18.54355,,osm,way,428425501
50.949827,17.272297,,osm,way,428455673
53.115534,18.023747,,osm,way,428455918
50.073713,19.983153,,osm,way,428723382
50.073658,19.983795,,osm,way,428723535
54.672194,17.620185,,osm,way,428798394
49.424011,20.314004,,osm,way,429207260
49.423866,20.313885,,osm,way,429207261
50.487247,17.601682,,osm,way,429295119
54.257646,18.638329,,osm,way,429423128
50.901619,21.222913,,osm,way,429450251
51.652739,18.445419,,osm,way,429525412
51.75629,19.47173,,osm,way,429856100
50.133714,19.120743,,osm,way,430021183
50.169764,19.884424,,osm,way,430169560
50.169487,19.884515,,osm,way,430169562
54.539267,17.736177,,osm,way,430418506
52.853774,19.665477,,osm,way,430548721
52.206153,21.004315,,osm,way,430602031
51.413321,17.093875,,osm,way,430715663
53.964496,14.779056,,osm,way,430735313
54.439726,18.557493,,osm,way,430896241
54.436961,18.559594,,osm,way,430954968
54.437127,18.559552,,osm,way,430954969
50.140041,19.914014,,osm,way,431083626
54.555156,18.518694,,osm,way,431119776
49.626577,21.28367,,osm,way,431473943
54.547241,18.433326,,osm,way,431511296
50.096232,22.431261,,osm,way,431579789
52.31992,20.950837,,osm,way,431581149
52.923933,14.872121,,osm,way,431604773
52.601068,14.636569,,osm,way,431693860
49.490326,20.67039,,osm,way,431722365
52.407917,16.939674,,osm,way,431726094
50.338017,18.197602,,osm,way,431758617
54.435828,18.57041,,osm,way,431870751
54.435985,18.570313,,osm,way,431870758
50.016383,19.873303,,osm,way,431945229
50.017096,19.872595,,osm,way,431945230
52.114289,21.014616,,osm,way,431993561
49.854721,20.816829,,osm,way,431993820
50.778646,19.151788,,osm,way,432044957
52.221309,20.988771,,osm,way,432294308
52.260365,20.901696,,osm,way,432389311
49.730029,20.984009,,osm,way,432504076
50.787761,19.142753,,osm,way,432541379
54.58014,16.823003,,osm,way,432723172
52.122742,21.233115,,osm,way,433051185
50.460533,17.331955,,osm,way,433067683
50.676487,18.226352,,osm,way,433124922
51.084152,17.283758,,osm,way,433155607
51.076502,17.713574,,osm,way,433334528
51.074729,17.730561,,osm,way,433358644
50.819613,19.100386,,osm,way,433773794
51.094463,17.192538,,osm,way,433855487
54.308269,16.200461,,osm,way,434224556
53.000723,15.207617,,osm,way,434344475
53.000891,15.208015,,osm,way,434344476
50.816624,19.106625,,osm,way,434487624
49.897347,21.983213,,osm,way,434511561
50.821175,19.105861,,osm,way,434841730
50.819173,19.06626,,osm,way,434913837
51.529663,17.336064,,osm,way,434916643
52.85626,19.654773,,osm,way,434939393
50.36307,22.740776,,osm,way,435051686
52.393664,16.967242,,osm,way,435094763
54.540841,18.465238,,osm,way,435110704
54.513951,18.548805,,osm,way,435137186
50.507413,18.307591,,osm,way,435311382
49.839723,22.88272,,osm,way,435460519
52.424737,16.921092,,osm,way,435512211
52.423893,16.921366,,osm,way,435512213
53.043734,16.462641,"Hala sportowa",osm,way,435520890
52.290835,21.03389,,osm,way,435591437
52.290714,21.033973,,osm,way,435591439
52.075661,21.03257,,osm,way,435796762
54.400459,18.658117,,osm,way,435824396
51.908105,16.683218,,osm,way,435925987
54.018092,14.74598,,osm,way,435930010
49.678673,21.166801,,osm,way,435983089
52.162032,17.157764,,osm,way,435998153
52.208301,21.049909,,osm,way,436153703
52.29459,21.047285,,osm,way,436179628
52.295244,21.046141,,osm,way,436179629
52.410543,16.888112,,osm,way,436209311
51.657341,17.822077,,osm,way,436281710
49.693055,22.746942,,osm,way,436312602
50.474631,16.336202,,osm,way,436558856
51.641643,22.436212,"Boisko do koszykówki",osm,way,436850374
51.12041,17.044548,,osm,way,437136188
52.270787,20.958406,,osm,way,437169006
49.831103,22.09016,,osm,way,437217284
54.52373,18.505871,,osm,way,437242913
51.91392,20.195624,,osm,way,437249371
51.745221,22.258442,,osm,way,437320698
53.905387,14.284731,,osm,way,437355967
52.321893,21.1055,,osm,way,437449625
52.721857,15.23322,,osm,way,437453960
53.368259,14.640856,,osm,way,437550648
51.753034,18.075654,,osm,way,437880735
51.120863,17.062999,,osm,way,437960425
52.251352,20.919873,,osm,way,438042542
52.251545,20.920501,,osm,way,438042546
50.637476,17.823773,,osm,way,438084029
50.469973,22.85887,,osm,way,438372605
52.460129,16.827458,,osm,way,438397383
52.476661,16.781803,,osm,way,438401339
51.403422,16.167862,,osm,way,438495451
54.426626,18.358448,,osm,way,438497378
52.401385,16.934105,,osm,way,438594638
50.436296,16.638289,,osm,way,438608061
51.755654,18.078249,,osm,way,438647372
51.753539,18.085753,,osm,way,438647374
51.746559,22.128831,,osm,way,439064658
51.940719,22.377598,,osm,way,439241804
51.936194,22.382548,,osm,way,439241805
54.515017,17.010487,,osm,way,439333850
53.38254,14.477338,,osm,way,439415383
51.169275,19.48667,,osm,way,439562314
50.944075,17.280778,,osm,way,440140240
51.662152,19.364174,,osm,way,440242013
54.533339,18.446137,,osm,way,440381679
51.269814,15.942616,,osm,way,440488112
52.72444,15.235786,,osm,way,441076563
52.093872,16.66032,,osm,way,441100691
50.558342,21.184043,,osm,way,441778327
54.507324,18.546744,,osm,way,441820218
54.507438,18.546784,,osm,way,441820219
51.652714,17.813134,,osm,way,441946404
50.423224,16.50975,,osm,way,442012823
51.116988,15.613921,,osm,way,442062011
52.265904,20.984815,,osm,way,442079803
50.874974,15.815017,,osm,way,442129964
51.943037,15.495368,,osm,way,442197298
50.845559,20.641441,,osm,way,442198267
53.012706,23.05667,,osm,way,442423991
50.388961,18.965223,,osm,way,442721730
50.428676,18.123874,,osm,way,442880208
50.287452,18.94184,,osm,way,442912523
53.092647,18.108725,,osm,way,442915897
50.793991,21.233864,,osm,way,443033001
53.131832,18.047269,,osm,way,443105801
50.47413,17.339636,,osm,way,443218979
51.009826,15.507308,,osm,way,444026923
49.921423,21.307091,,osm,way,444066956
54.077634,21.371096,,osm,way,444245844
54.076046,21.368364,,osm,way,444250852
54.069794,21.37432,,osm,way,444250853
54.080179,21.3718,,osm,way,444250855
54.082254,21.373025,,osm,way,444250857
54.073374,21.415679,,osm,way,444250866
52.532703,19.750821,,osm,way,444329729
49.993253,19.946795,,osm,way,444478634
50.011336,18.453663,,osm,way,444603243
52.150638,21.037646,,osm,way,444612871
51.114009,15.571444,,osm,way,444988096
51.113979,15.571728,,osm,way,444988097
51.612023,15.362533,,osm,way,445013147
51.080733,17.045286,,osm,way,445294178
51.081206,17.045099,,osm,way,445294180
52.607793,16.586279,,osm,way,445395877
54.534554,17.742634,,osm,way,445464589
53.176127,16.830711,,osm,way,445939652
53.542244,14.565404,,osm,way,446005236
51.822744,20.704099,,osm,way,446124306
52.609565,16.590023,,osm,way,446404832
52.595643,16.565232,,osm,way,446409096
50.199427,21.477418,,osm,way,446566911
52.469399,22.084603,,osm,way,446570620
51.845441,15.705546,,osm,way,446662171
51.396409,16.201954,,osm,way,446676515
50.774182,16.58137,,osm,way,446677561
51.14735,16.90237,,osm,way,446793513
51.580708,18.961388,,osm,way,446884392
50.69372,17.382922,,osm,way,447097592
50.070007,19.940625,,osm,way,447302780
53.381956,14.660505,,osm,way,447574330
50.125689,22.288687,,osm,way,447657893
50.883344,20.640902,,osm,way,447678066
51.8838,16.53248,,osm,way,447815420
51.077282,21.012304,,osm,way,448093979
50.842424,16.511207,,osm,way,448098235
51.035474,17.046675,,osm,way,448323524
51.032925,17.061297,,osm,way,448323529
51.032495,17.038908,,osm,way,448323530
51.034483,17.038809,,osm,way,448323533
53.378725,14.662146,,osm,way,448541155
51.148739,16.881866,,osm,way,448741634
51.589588,19.131018,,osm,way,448777049
50.09229,19.899978,,osm,way,448963946
51.470378,19.210702,,osm,way,449159594
50.261515,18.219164,,osm,way,449367191
51.41849,18.075817,,osm,way,449400725
50.077062,19.921617,,osm,way,449548446
50.062473,18.551058,,osm,way,449582897
54.099491,18.764172,,osm,way,449724623
53.374205,14.661951,,osm,way,449736193
50.574563,19.359245,,osm,way,449737812
49.698342,21.68011,,osm,way,449740941
50.913301,15.338781,,osm,way,449830934
52.389874,16.985513,,osm,way,449869935
52.357098,16.894525,,osm,way,449886674
50.951718,21.383828,,osm,way,449927255
51.985882,20.158515,,osm,way,450024144
50.851288,17.026686,,osm,way,450120253
51.050958,17.023571,,osm,way,450185617
51.09429,18.115695,,osm,way,450387745
52.626833,16.442789,,osm,way,450506181
51.765648,15.709146,,osm,way,450512849
51.59293,19.687734,,osm,way,450662249
51.499309,19.838848,,osm,way,450675253
51.603055,19.556482,,osm,way,450677247
51.603177,19.557532,,osm,way,450677248
50.97759,18.21819,,osm,way,451333748
51.682533,19.395876,,osm,way,451464468
51.681653,19.395619,,osm,way,451464469
52.402978,20.916719,,osm,way,451553703
53.380671,14.636664,,osm,way,451636801
52.379597,21.002601,,osm,way,451728871
51.125769,23.478699,,osm,way,451885856
50.34012,19.558615,,osm,way,452265485
53.597048,19.569759,,osm,way,452546366
50.014644,19.966877,,osm,way,452655195
51.158076,20.779026,,osm,way,452863089
51.056063,16.900775,,osm,way,453509075
50.153239,22.241472,,osm,way,454709694
50.153315,22.241765,,osm,way,454709696
53.388192,14.479129,,osm,way,455687036
53.459598,14.454685,,osm,way,456087486
51.146233,17.019715,,osm,way,456109286
51.146936,17.019556,,osm,way,456109288
53.449178,14.500397,,osm,way,456405169
52.568998,15.899512,,osm,way,456470887
53.155022,16.766814,,osm,way,456654484
52.453007,16.406871,,osm,way,456821836
52.438595,16.407872,,osm,way,456865339
50.570554,22.059611,,osm,way,456865803
51.407444,21.120769,,osm,way,457661918
50.008487,20.009456,,osm,way,457836140
53.081518,18.217331,,osm,way,457855065
54.175291,15.590486,,osm,way,457952715
54.174268,15.58549,,osm,way,457952753
52.387029,16.978728,,osm,way,457966887
52.929899,23.779026,,osm,way,457987130
51.196456,16.147149,,osm,way,458209833
50.174692,19.434611,,osm,way,458539080
51.755502,19.444495,,osm,way,458731951
50.124066,19.120935,,osm,way,458746589
50.520892,21.437511,,osm,way,458916770
53.291927,15.024797,,osm,way,459012050
51.41186,21.155532,,osm,way,459421655
52.740275,14.696334,,osm,way,459455569
51.419313,21.173684,,osm,way,459846570
51.428047,21.156181,,osm,way,460114838
54.280265,20.489348,,osm,way,460145349
50.124842,19.699004,,osm,way,460215417
52.826933,19.868409,,osm,way,460321851
50.139578,19.643478,,osm,way,460572476
54.032362,19.030667,,osm,way,460587512
51.595324,21.536084,,osm,way,461222255
52.169377,15.835461,,osm,way,461346670
52.431335,16.897665,,osm,way,461467250
52.179786,21.554531,,osm,way,461484196
50.114032,19.47741,,osm,way,461560049
50.101187,22.401368,,osm,way,461699419
52.563584,16.432933,,osm,way,461708338
49.666452,22.002699,,osm,way,461712316
52.552098,16.083002,,osm,way,461723675
52.55258,16.083931,,osm,way,461723688
50.026903,22.374106,,osm,way,461759581
52.633852,16.095671,,osm,way,462131455
52.633587,16.095601,,osm,way,462131456
50.016189,19.995198,,osm,way,462774786
50.177258,22.607221,,osm,way,462876008
50.228393,19.638693,,osm,way,463007988
50.376739,19.869384,,osm,way,463076957
49.901123,19.486239,,osm,way,463323683
52.198994,18.6418,,osm,way,463420216
50.010832,19.950319,,osm,way,463501289
50.074617,19.834207,,osm,way,463513400
50.073884,19.833855,,osm,way,463514002
54.18038,16.219291,,osm,way,463535074
51.866437,16.586308,,osm,way,463676132
52.483424,16.981053,,osm,way,463719723
50.100361,18.536971,,osm,way,463731031
52.242493,20.947736,,osm,way,463965617
53.506727,18.643826,,osm,way,464096010
53.735115,14.310257,,osm,way,464165431
51.486698,16.333266,,osm,way,464168987
50.102921,19.899874,,osm,way,464358418
51.017952,18.042185,,osm,way,464410563
54.338259,19.22365,,osm,way,464508794
50.024861,19.988747,,osm,way,464554694
51.84554,16.601407,,osm,way,464565518
52.380758,16.960646,,osm,way,464979003
53.447442,14.507642,,osm,way,465223919
51.366832,21.128766,,osm,way,466439460
52.255659,16.574945,,osm,way,467013898
51.813872,18.054327,,osm,way,467412705
51.105614,17.01865,,osm,way,467420948
50.273535,18.835979,,osm,way,467504662
52.397445,16.860349,,osm,way,467762847
52.397643,16.860572,,osm,way,467762848
52.565547,16.994106,,osm,way,467820888
50.043139,21.951006,,osm,way,467951770
51.780435,19.495279,,osm,way,468248090
51.81561,19.325308,,osm,way,468254601
51.079874,17.042325,,osm,way,468462970
53.465261,14.576457,,osm,way,468548318
52.649322,23.043368,,osm,way,469070171
51.16418,21.236876,,osm,way,469193445
51.405884,21.18004,,osm,way,469492503
50.745834,16.407384,,osm,way,469527603
53.438966,14.569698,,osm,way,469558748
53.438513,14.570182,,osm,way,469573853
53.776856,20.493431,,osm,way,469978760
53.154617,18.139546,,osm,way,470300788
52.085427,15.630947,,osm,way,470765551
52.567676,16.991176,,osm,way,472291576
52.384909,16.959607,,osm,way,472620105
50.32856,19.15504,,osm,way,472649486
52.499841,19.11177,,osm,way,472759245
52.171236,18.572385,,osm,way,473004303
50.945442,17.063431,,osm,way,473039918
50.132146,19.584049,,osm,way,473060119
52.206536,18.628764,,osm,way,473576619
51.192027,21.177068,,osm,way,473941422
49.767517,19.212954,,osm,way,474067756
51.82509,19.185603,,osm,way,474421301
51.299338,19.32973,,osm,way,474597307
51.768545,22.595827,,osm,way,474788761
52.393808,16.890604,,osm,way,475159951
50.783534,19.696172,,osm,way,475463551
53.688985,17.543699,,osm,way,475533445
49.742848,18.652545,"boisko",osm,way,476288808
50.267343,18.526783,,osm,way,476289687
51.967675,17.817183,,osm,way,476309518
53.139824,18.679697,,osm,way,477187392
50.543515,21.54301,,osm,way,477343666
53.495807,14.611911,,osm,way,477550408
52.626448,16.565637,,osm,way,477559167
52.688992,16.306727,,osm,way,477968217
53.475825,14.488934,,osm,way,478146716
52.456439,14.87348,,osm,way,478172156
52.456654,14.873562,,osm,way,478172157
52.364256,14.859829,,osm,way,478266425
52.505987,16.254822,"Boisko do koszykówki i siatkówki - OSiR",osm,way,478319325
49.708331,20.946199,,osm,way,478493170
50.849292,17.462236,,osm,way,478688928
49.624719,19.976644,,osm,way,479802622
51.524417,16.540223,,osm,way,480026690
49.998629,20.928287,,osm,way,480916005
49.99926,20.928366,,osm,way,480916009
52.717521,16.369301,,osm,way,480920646
50.080289,19.594857,,osm,way,480977491
50.003142,19.950345,,osm,way,481341935
54.159674,15.546404,,osm,way,481373110
54.603916,18.219915,,osm,way,481460110
51.112538,16.332241,,osm,way,481671880
51.392218,21.133253,,osm,way,481815251
50.164777,18.546221,,osm,way,482021232
53.121273,23.150915,,osm,way,482795629
50.961031,17.066829,,osm,way,483013506
54.470955,17.106604,,osm,way,483726058
52.249887,20.939957,,osm,way,484826444
51.22742,22.528558,,osm,way,484886926
53.541181,14.560381,,osm,way,485847394
53.440616,14.560537,,osm,way,486418118
49.417791,22.571544,"Do koszykówki",osm,way,486778012
50.46304,17.95182,,osm,way,486975150
50.667396,18.684038,,osm,way,486988617
54.189644,19.395557,,osm,way,487128166
52.792615,18.269592,,osm,way,487621838
52.804865,19.683405,,osm,way,488120469
52.038104,15.630763,,osm,way,488126739
49.685701,21.462486,,osm,way,488434814
52.188464,21.175544,,osm,way,488464136
52.234914,21.058674,,osm,way,488562412
52.240611,20.937637,,osm,way,488684326
51.403166,23.409817,,osm,way,489076625
53.148945,23.15331,,osm,way,489093025
53.690433,19.977561,,osm,way,489196805
53.853901,19.163851,,osm,way,489514452
49.60337,20.664483,,osm,way,489603027
52.83115,19.643022,,osm,way,490097801
50.451372,19.515638,,osm,way,490109151
53.913046,23.203818,,osm,way,490418036
49.895072,21.057561,,osm,way,490426512
52.517368,23.34741,,osm,way,490523238
53.258188,19.806954,,osm,way,490568884
50.003119,19.455613,,osm,way,490703653
53.149923,18.135795,,osm,way,491439913
52.476972,22.443918,,osm,way,491746839
52.164294,21.22312,,osm,way,491801912
50.633338,18.837513,,osm,way,492645277
54.125027,22.585833,,osm,way,492744928
54.020825,21.813051,,osm,way,492852611
50.001776,18.458785,,osm,way,492853567
51.166696,22.649075,,osm,way,492959644
52.383741,16.865618,,osm,way,493127067
52.277842,21.134242,,osm,way,493708798
51.035405,16.450222,,osm,way,493847082
51.557295,21.624025,,osm,way,493996351
51.017934,16.881873,,osm,way,494037334
51.641356,17.824726,,osm,way,494443021
51.252312,15.045988,,osm,way,494453268
53.153282,23.086404,,osm,way,494460105
53.152994,23.086376,,osm,way,494460106
51.655279,17.813986,,osm,way,494626432
51.083183,17.01589,,osm,way,494722884
52.268957,20.983585,,osm,way,494832299
52.392165,16.946421,,osm,way,494843152
50.848172,19.979838,,osm,way,494854776
52.82226,18.038586,,osm,way,494962979
50.831071,19.118651,,osm,way,495023394
52.199323,18.629688,,osm,way,495401331
51.400396,16.199781,,osm,way,495727724
53.373289,23.338537,,osm,way,495924831
52.874774,18.812789,,osm,way,495959340
50.128891,19.974503,,osm,way,496314810
50.099592,20.009408,,osm,way,496380054
51.931002,15.517336,,osm,way,496445237
50.092501,20.008878,,osm,way,496465651
51.239627,22.511078,,osm,way,496487946
54.326164,18.595222,,osm,way,496858210
49.945346,22.828714,,osm,way,496893659
49.945732,22.829068,,osm,way,496893662
49.947896,22.821078,,osm,way,496893675
53.862103,21.309494,,osm,way,497165120
52.173283,21.008586,,osm,way,497707596
53.727057,19.914696,,osm,way,497909984
52.713452,16.380502,,osm,way,498045357
52.366733,16.893629,,osm,way,498076497
50.643573,20.307888,,osm,way,498288425
50.044862,19.910425,,osm,way,498368479
51.700392,22.096265,,osm,way,498394437
51.033646,16.757707,,osm,way,498712765
51.098155,17.020916,,osm,way,499388563
50.298264,18.963426,,osm,way,500256942
54.026845,19.042767,,osm,way,500709672
54.033929,19.026823,,osm,way,500713827
52.457258,17.180253,,osm,way,500771096
49.383008,20.867858,,osm,way,500806670
53.724719,20.476633,,osm,way,500977885
54.249691,23.180998,,osm,way,501164287
50.062601,21.998876,,osm,way,501606108
50.056061,21.997685,,osm,way,501606114
50.974452,20.653905,,osm,way,502100672
51.766412,19.299621,,osm,way,502861904
50.327523,18.853559,,osm,way,502887763
53.110521,18.047855,,osm,way,503046627
52.234004,20.94908,,osm,way,503099984
53.276718,18.944948,,osm,way,503116193
51.761844,19.267967,,osm,way,505018631
52.626285,16.220762,,osm,way,506072721
52.631831,16.713776,,osm,way,506214467
49.394568,20.409405,,osm,way,506809320
50.087554,18.237595,,osm,way,506888643
51.889977,17.006439,,osm,way,507399731
52.267365,18.672057,,osm,way,507824396
49.984789,20.145066,,osm,way,507987050
50.805831,23.041397,,osm,way,508263935
49.81553,19.392047,,osm,way,508547889
54.390946,18.602225,,osm,way,508640617
51.139009,19.143581,,osm,way,509328738
50.092712,20.926524,,osm,way,509340427
53.702123,20.960233,,osm,way,509632340
52.101524,21.267775,,osm,way,509668618
52.103077,21.268423,,osm,way,510760576
50.093874,18.262172,,osm,way,510791322
52.542448,19.704242,,osm,way,511287208
54.640606,18.168058,,osm,way,511364868
54.773137,18.215016,,osm,way,511546111
54.366832,18.588709,,osm,way,511549334
52.803102,21.899446,"Orlik",osm,way,511749595
50.806128,19.528721,,osm,way,513159665
49.792758,18.971163,,osm,way,513273514
54.176828,19.40042,,osm,way,513341267
52.484089,15.776716,,osm,way,513431538
52.421344,18.764697,,osm,way,513986169
51.969997,20.150172,,osm,way,514521064
54.325859,18.636795,,osm,way,515011695
52.447668,16.889994,,osm,way,515074710
51.328452,21.880419,,osm,way,515154856
50.310845,21.08907,,osm,way,515530282
50.2333,22.45926,,osm,way,515553649
54.21473,15.755953,,osm,way,515646113
54.588537,18.481126,,osm,way,515688444
50.784165,18.001554,,osm,way,515821391
51.941702,20.149753,,osm,way,515845223
53.462058,14.587902,,osm,way,515919296
54.560994,18.48651,,osm,way,515932262
50.159893,22.075455,,osm,way,516084135
53.348428,18.430269,,osm,way,516582134
53.348827,18.42988,,osm,way,516582135
50.321711,19.13797,,osm,way,516819943
54.326298,18.631444,,osm,way,516866634
54.321721,18.635198,,osm,way,516915077
54.327934,18.63941,,osm,way,516915642
52.783952,17.74188,,osm,way,517039776
54.320056,18.634154,,osm,way,517064356
52.160488,21.032485,,osm,way,517440710
52.624053,17.053834,,osm,way,517862789
52.402004,16.962179,,osm,way,517949037
52.819711,17.201283,,osm,way,518299130
51.957127,19.274675,,osm,way,518907088
53.234197,14.490315,,osm,way,519159141
53.936055,21.539939,,osm,way,519268834
50.120362,18.528721,,osm,way,519370512
52.095382,18.610917,,osm,way,520528010
53.162218,18.176732,,osm,way,520555736
52.219177,21.143469,,osm,way,520661736
52.851152,19.661802,,osm,way,520666462
52.515435,16.702657,,osm,way,520698377
53.004369,17.732379,,osm,way,520907965
53.919927,17.840441,,osm,way,521073455
51.783884,14.957863,,osm,way,521870516
49.584933,19.146932,,osm,way,522228427
52.21867,21.14338,,osm,way,522274209
51.216376,22.633674,,osm,way,522288231
53.116974,18.837193,,osm,way,522489895
53.339593,15.007011,,osm,way,522643432
52.287572,20.876952,,osm,way,522953174
52.269818,20.946179,,osm,way,523460772
52.20684,20.956737,,osm,way,524238002
52.321056,16.793705,,osm,way,524454250
52.320943,16.794122,,osm,way,524454251
54.394281,18.397062,,osm,way,524479620
52.778541,20.129026,,osm,way,524589372
54.553805,18.501765,,osm,way,524844348
52.667781,19.804186,,osm,way,524845186
50.013648,18.436097,,osm,way,525155792
54.071813,17.730687,,osm,way,525156105
54.438897,18.561401,,osm,way,525360856
49.527033,20.33359,,osm,way,525997927
49.518908,21.259354,,osm,way,526339048
52.355243,16.571249,,osm,way,526775597
52.878367,19.640139,,osm,way,526854544
53.111698,18.02042,,osm,way,527011458
50.790687,20.602668,,osm,way,527250979
49.8128,19.002744,,osm,way,527663928
49.786279,19.199076,,osm,way,527972730
52.552486,19.697778,,osm,way,527974830
51.721847,19.49227,,osm,way,528117113
52.088424,18.820922,,osm,way,528160355
54.32006,18.634451,,osm,way,528940936
53.457995,14.557448,,osm,way,529025663
52.213185,19.375063,,osm,way,529141412
53.905879,18.208789,,osm,way,529245634
52.054103,20.431293,,osm,way,529452463
49.602943,21.522766,,osm,way,529910205
49.782188,22.783863,"Hala sportowa",osm,way,530287609
53.846285,14.608789,,osm,way,530521363
53.737715,18.931736,,osm,way,531251327
54.583949,18.394344,,osm,way,531291135
51.395011,21.1524,,osm,way,531297636
52.747493,19.47344,,osm,way,531389554
50.013768,22.687274,,osm,way,531697395
53.055989,20.621886,,osm,way,531761063
51.92641,15.486147,"Boisko do gry w koszykówkę",osm,way,532393802
51.348621,19.711429,,osm,way,532524937
53.144918,17.157912,,osm,way,532569146
53.070324,18.814008,,osm,way,532687361
52.267641,22.109788,,osm,way,532979508
53.663361,19.818009,,osm,way,533528466
50.236996,20.861192,,osm,way,533563691
53.145474,20.666423,,osm,way,534020991
52.034607,23.106315,,osm,way,534243032
52.649238,17.961141,,osm,way,534492020
50.543058,16.555794,,osm,way,535045805
51.755899,20.293729,,osm,way,535682556
54.030871,14.805706,,osm,way,535765415
50.059222,20.456452,,osm,way,536294429
54.407672,18.55502,,osm,way,536343259
54.407708,18.555261,,osm,way,536343260
53.986023,19.530959,,osm,way,536610411
51.902718,21.606099,,osm,way,536735927
53.720957,18.935614,,osm,way,537744114
53.968574,14.618958,,osm,way,538068008
53.930521,14.458748,,osm,way,538344853
52.22642,20.953734,,osm,way,538560218
51.243725,15.468217,"Orlik",osm,way,539449594
52.600965,21.540282,,osm,way,539807855
50.335764,18.199637,,osm,way,540051386
51.792937,22.192065,,osm,way,540189225
53.017287,18.592638,,osm,way,540506817
52.422994,16.926711,,osm,way,541142206
52.320338,20.961479,,osm,way,541373446
52.32702,21.068762,,osm,way,541403226
51.804189,22.168014,,osm,way,541498171
50.342943,18.215494,,osm,way,541571087
51.003195,22.194613,,osm,way,542239127
50.37051,20.890563,,osm,way,542251714
52.972181,16.662231,,osm,way,542318808
52.242717,21.306076,,osm,way,542478668
51.22229,22.687515,,osm,way,542846081
53.454654,14.555869,,osm,way,542996500
52.497305,18.712377,,osm,way,543361851
53.550343,14.566366,,osm,way,543403797
50.292605,19.078629,,osm,way,543459235
51.85703,16.50817,,osm,way,543502127
52.439689,16.293844,,osm,way,543590012
53.007586,17.744755,,osm,way,543761980
51.118037,17.044537,,osm,way,543904518
54.568074,18.407339,,osm,way,544163104
54.568924,18.414281,,osm,way,544164787
51.31435,19.971342,,osm,way,544318900
52.749252,16.9911,,osm,way,544380617
53.583218,19.591528,,osm,way,544488659
49.677683,20.843833,,osm,way,544626394
50.095746,18.430954,,osm,way,544786107
50.106887,18.431293,,osm,way,545021807
52.430143,16.907461,,osm,way,545319735
50.286625,18.873336,,osm,way,545325000
51.607151,18.61652,,osm,way,545350307
52.415687,16.910854,,osm,way,545558311
50.282816,18.860059,,osm,way,545685476
52.431872,16.93816,,osm,way,545696957
52.658276,19.079714,,osm,way,545730213
53.348352,18.419889,,osm,way,546124600
50.319588,19.169291,,osm,way,546592943
53.029391,18.595962,,osm,way,546672211
51.862082,19.39607,,osm,way,546777116
49.60288,21.790637,,osm,way,546930492
53.123191,17.83959,,osm,way,547054586
53.029056,18.575184,,osm,way,547304482
54.479966,17.0011,,osm,way,547322328
52.237797,20.971044,,osm,way,547451358
50.04695,21.10057,,osm,way,547583770
51.655448,19.379469,,osm,way,547934444
51.223515,22.522232,,osm,way,547939947
52.12674,20.667895,,osm,way,548339175
50.643537,17.616452,,osm,way,548360192
51.023417,18.733943,,osm,way,548624464
50.542652,16.54864,,osm,way,548845229
50.232218,19.848517,,osm,way,548988841
50.25179,19.085967,,osm,way,548999223
52.245896,21.093578,,osm,way,549119732
50.593844,16.824213,,osm,way,549202809
52.941072,17.307173,,osm,way,549225867
51.05038,19.498673,,osm,way,549305369
52.733496,15.213295,,osm,way,549922571
50.096763,18.986125,,osm,way,550142707
53.123472,18.025183,,osm,way,550463087
50.208055,18.963306,,osm,way,550649281
53.838086,22.359543,,osm,way,551169395
52.10592,21.270937,,osm,way,551467748
51.401289,21.979814,,osm,way,551583370
51.401005,21.978603,,osm,way,551583371
51.401064,21.97884,,osm,way,551583372
52.194733,20.978935,,osm,way,551622811
50.849833,15.60926,,osm,way,551775937
53.33748,15.008799,,osm,way,551931998
50.13801,18.634078,,osm,way,551937239
54.427351,18.482208,,osm,way,551970470
53.663235,21.564154,,osm,way,551997352
51.871521,22.175217,,osm,way,552595724
52.237687,21.105372,,osm,way,552603916
51.957514,14.766345,,osm,way,552804809
53.437029,14.549693,,osm,way,552843046
51.626808,19.779443,,osm,way,553062386
52.239005,21.125756,,osm,way,555171602
52.940257,18.931292,,osm,way,555272584
52.94568,18.934203,,osm,way,555272601
51.800331,19.371805,,osm,way,555936202
54.004138,14.687648,,osm,way,556080356
50.862505,20.587531,,osm,way,556249480
53.028501,18.696261,,osm,way,556334196
52.462726,16.92587,,osm,way,556385579
51.617601,23.529161,,osm,way,556533838
51.798735,19.374051,,osm,way,556554788
54.003411,16.009837,,osm,way,556599074
54.268705,18.653336,,osm,way,556801183
51.743152,19.112911,,osm,way,556933708
50.338038,18.649513,,osm,way,557013928
53.295109,16.983422,,osm,way,557304889
54.008578,16.001856,,osm,way,557501432
52.246329,21.135618,,osm,way,557590740
50.342388,18.131303,,osm,way,558069199
52.11427,21.271261,,osm,way,558085947
51.389959,20.485981,,osm,way,558238115
50.374148,22.932627,,osm,way,558301036
52.80073,18.262042,,osm,way,558365328
50.846032,20.942492,,osm,way,558513794
51.377792,20.284515,,osm,way,558621595
51.105569,17.106266,,osm,way,558776868
51.131306,17.09575,"WKK Sport Center",osm,way,558888129
50.19422,21.472154,,osm,way,558906186
51.376029,20.347671,,osm,way,558928392
49.82712,19.0379,,osm,way,559180844
50.34168,18.644807,,osm,way,559884565
50.300839,18.687375,,osm,way,559895027
53.154935,16.740186,,osm,way,560521884
51.131577,15.010792,,osm,way,560546192
53.414754,18.461505,"Małe boisko do koszykówki",osm,way,560588413
54.406577,18.59368,,osm,way,562007439
54.580987,18.378133,,osm,way,562230271
54.572987,18.436688,,osm,way,562233597
52.082014,21.248554,,osm,way,562314665
49.560446,19.962397,,osm,way,562775762
54.795773,18.386684,,osm,way,562884152
51.068507,16.987648,,osm,way,562885686
53.029958,18.669035,,osm,way,562927144
53.030307,18.603408,,osm,way,563697068
50.036926,19.903823,,osm,way,563933267
52.248303,15.813986,,osm,way,564321407
49.495894,19.616922,,osm,way,564617796
51.045664,16.775927,,osm,way,564929291
53.01126,18.570974,,osm,way,565147204
53.043483,18.48999,,osm,way,565923317
52.069489,15.8548,,osm,way,567096048
52.336847,20.893887,,osm,way,567181229
52.112887,21.334414,,osm,way,567494840
51.109683,17.122463,,osm,way,568743175
51.109384,17.12242,,osm,way,568743176
54.175897,19.403971,,osm,way,569393641
54.178744,19.3993,,osm,way,569578444
52.457569,16.907988,,osm,way,570478857
51.150335,15.008467,,osm,way,570493838
53.409363,14.525018,,osm,way,570581664
52.103199,21.257333,,osm,way,570650082
52.101923,21.262083,,osm,way,570650090
51.182595,20.347936,,osm,way,570656319
49.583751,20.497115,,osm,way,571439224
52.086458,21.255928,,osm,way,572130969
52.219044,21.235403,,osm,way,572719952
52.128843,21.421821,,osm,way,572720330
54.604215,18.260784,,osm,way,572745053
52.454618,16.914828,,osm,way,572748388
52.119313,20.661125,,osm,way,573315281
53.139998,23.134464,,osm,way,574542373
53.103035,19.055862,,osm,way,574689525
52.274376,21.163562,,osm,way,574694267
53.004629,18.065458,,osm,way,574846820
52.659776,17.949122,,osm,way,574989753
52.658125,17.947708,,osm,way,574989832
54.608106,18.238587,,osm,way,575042112
52.553978,19.668323,,osm,way,575102793
50.683972,17.828423,,osm,way,575209237
49.528172,20.554236,,osm,way,576453076
50.454316,21.069846,,osm,way,576789550
53.771494,18.111129,,osm,way,576911501
49.995399,21.423085,,osm,way,577568815
52.170478,21.296888,,osm,way,577800223
51.12091,15.903259,,osm,way,578558501
51.118116,15.913552,,osm,way,578558516
52.383761,17.066062,,osm,way,578836518
52.718471,15.793114,,osm,way,579326236
52.707558,19.890726,,osm,way,579969852
51.322551,16.628128,,osm,way,580468110
50.953773,15.530506,,osm,way,580560101
50.303826,18.936595,,osm,way,580833642
52.400674,17.162454,,osm,way,581012645
51.628416,15.131128,"boisko wielofunkcyjne",osm,way,581015866
52.106739,20.620791,,osm,way,581191982
50.304125,18.756386,,osm,way,581267743
50.304121,18.756105,,osm,way,581267744
54.563091,18.417258,,osm,way,582457082
53.148678,16.713007,,osm,way,582514987
50.561755,19.57786,,osm,way,582628466
53.091254,22.675116,,osm,way,582831816
49.954157,18.613815,,osm,way,583190269
53.33507,15.020302,,osm,way,583682233
52.881122,16.007131,,osm,way,583797162
52.357672,16.681644,,osm,way,584290411
50.28262,18.884621,,osm,way,584881434
52.08315,21.35605,,osm,way,585012463
51.105418,17.107676,,osm,way,585612129
52.058618,21.382381,,osm,way,585642850
52.314139,16.865824,,osm,way,586119071
53.088225,16.768256,,osm,way,586586425
52.664423,17.963097,,osm,way,586690206
52.742403,17.322691,,osm,way,586738987
53.006955,17.724266,,osm,way,586950529
53.154098,16.722492,,osm,way,586993156
52.078593,23.125757,,osm,way,587834285
53.413966,14.531227,,osm,way,588141446
54.346548,18.608081,,osm,way,588398796
51.031419,15.416581,,osm,way,588497253
51.031544,15.416398,,osm,way,588497255
52.174636,21.029211,,osm,way,588690787
54.380028,18.478891,,osm,way,588781636
53.930906,17.52369,,osm,way,588811167
51.927948,15.456913,,osm,way,588865005
53.449651,14.5358,,osm,way,588884779
50.275881,19.125199,,osm,way,588995208
54.510128,18.528012,,osm,way,589063940
50.610823,18.702487,,osm,way,589346986
54.148705,19.417214,,osm,way,589421747
51.175277,16.995245,,osm,way,589451581
54.491754,18.419856,,osm,way,589685207
51.378009,21.189291,,osm,way,589978831
51.271265,16.699006,,osm,way,590161297
53.562653,16.231672,,osm,way,590584938
54.158421,19.415568,,osm,way,592316859
53.131684,23.148527,,osm,way,592850644
49.711047,20.64382,,osm,way,593264538
50.535552,23.216019,,osm,way,593497688
53.547653,16.235863,,osm,way,593515885
52.228741,20.947991,,osm,way,594327712
52.817085,16.822952,,osm,way,594360064
51.064552,15.375516,,osm,way,594849248
53.112896,18.011322,,osm,way,595223970
51.266821,22.31186,,osm,way,595619431
53.337625,15.024805,,osm,way,596148885
53.337899,15.024029,,osm,way,596148888
51.356163,19.363518,,osm,way,597003299
51.324267,16.856511,,osm,way,598337712
54.516138,16.961625,,osm,way,599962480
53.836836,16.431444,,osm,way,600436377
51.390178,21.121965,,osm,way,601077805
54.149502,19.433041,,osm,way,601085126
53.187323,18.076337,,osm,way,601322436
53.187172,18.076297,,osm,way,601322437
50.716525,16.340532,,osm,way,601782930
50.028459,17.871838,,osm,way,601925696
50.050963,17.789469,,osm,way,601931026
51.761633,19.541079,,osm,way,603969931
51.47101,16.915911,,osm,way,604066940
52.188887,21.555179,,osm,way,604258742
52.777315,18.537887,,osm,way,605035663
52.479502,17.600742,,osm,way,605124099
53.271483,23.771817,,osm,way,605558171
52.097401,21.274308,,osm,way,605692623
52.891717,16.554039,,osm,way,605703676
52.986024,16.396329,,osm,way,605911316
52.820177,15.948807,,osm,way,606133968
52.8202,15.948511,,osm,way,606133969
50.364615,20.888585,,osm,way,606354945
51.797771,19.743559,"Orlik Zielonka",osm,way,606762337
52.369377,16.799696,,osm,way,607787365
52.184249,21.0227,,osm,way,608091329
52.297189,15.246742,,osm,way,608318051
53.802907,22.347839,,osm,way,608417917
53.802951,22.347578,,osm,way,608417918
51.05607,17.19459,,osm,way,608436286
53.575954,16.21987,,osm,way,608437940
52.081093,17.009801,,osm,way,608989952
52.093377,17.025068,,osm,way,608989963
52.078509,17.013903,,osm,way,608990340
52.080148,17.009231,,osm,way,608996967
52.909268,16.4956,,osm,way,609482426
53.577577,16.146478,,osm,way,609594094
50.896598,23.152324,,osm,way,609720073
54.600072,17.039935,,osm,way,609748914
52.268433,20.944701,,osm,way,609749026
50.023844,22.015464,,osm,way,610221765
51.914821,20.539456,,osm,way,610286787
52.174554,21.594781,,osm,way,610808320
52.176449,21.417186,,osm,way,611147691
53.498607,18.817246,,osm,way,611767593
52.41976,16.912522,,osm,way,611779293
54.14476,15.296183,,osm,way,611995033
51.562059,15.51399,"Orlik 2012",osm,way,612085132
51.987088,21.196209,,osm,way,612805500
52.122607,21.256215,,osm,way,613858434
52.367918,19.943055,,osm,way,614384028
51.354923,15.761378,,osm,way,614470584
53.699554,17.56723,,osm,way,614943421
51.055137,17.085781,,osm,way,615307359
54.53645,17.753263,,osm,way,615494079
52.169269,21.572635,,osm,way,615516983
52.233109,20.799827,,osm,way,615631161
53.70589,17.572747,,osm,way,615985471
53.197345,21.985143,,osm,way,616105623
52.376924,16.736037,,osm,way,616135550
53.994629,16.975917,,osm,way,616867792
53.994652,16.975548,,osm,way,616867793
52.389168,17.016958,,osm,way,616886036
51.121336,16.984931,,osm,way,616890440
51.514818,21.124712,,osm,way,616955453
51.162218,16.907403,,osm,way,616978122
52.453293,16.942383,,osm,way,617207307
52.495049,16.756221,,osm,way,617228639
53.375375,14.652756,,osm,way,617259038
52.069154,15.358598,,osm,way,617782983
54.057479,14.932468,,osm,way,617886726
51.10823,16.957806,,osm,way,618082599
51.053018,16.200853,,osm,way,618093624
51.135311,21.768098,,osm,way,618099258
51.595791,21.535767,,osm,way,618620445
51.316097,21.257943,,osm,way,618835998
51.93482,15.531199,,osm,way,619167571
50.075186,19.173357,,osm,way,619376642
51.922201,15.50078,,osm,way,620639767
49.578055,19.059196,,osm,way,621986980
51.520752,21.122862,"Koszykówka",osm,way,623548735
50.805785,23.87112,,osm,way,623563626
51.14501,15.674282,,osm,way,624241029
51.14485,15.674378,,osm,way,624241030
54.098892,18.059349,,osm,way,624268062
51.223262,22.515738,,osm,way,624349830
50.107104,20.304907,,osm,way,624550150
51.008567,21.246934,,osm,way,625077422
50.08183,19.157816,,osm,way,625224267
51.085368,17.156644,,osm,way,625316650
50.944377,17.274461,,osm,way,625548068
51.970509,15.536017,,osm,way,625666741
50.848356,16.537824,,osm,way,625996885
50.702668,19.538044,,osm,way,627038308
53.571269,14.831646,,osm,way,628155445
53.911247,15.198713,,osm,way,628210223
51.730785,19.443732,,osm,way,628403697
52.119386,16.057411,,osm,way,628419177
51.079704,16.989585,,osm,way,628674330
50.912326,15.735895,,osm,way,628770610
53.429221,14.536854,,osm,way,628806706
54.599461,18.252259,,osm,way,628863802
52.545478,18.83622,,osm,way,628950500
50.597937,16.81687,,osm,way,629082529
50.947792,17.272419,,osm,way,629144400
52.758984,17.493366,,osm,way,629204624
52.096788,21.268698,,osm,way,629257121
52.160527,20.374365,,osm,way,629510914
54.4039,18.567895,,osm,way,629927927
54.55328,18.51552,,osm,way,630361047
50.316542,19.167368,,osm,way,630501619
54.116648,15.671824,,osm,way,630775857
50.033613,21.993905,,osm,way,631137102
51.733289,15.811699,,osm,way,631283188
51.742216,15.59494,,osm,way,631399293
50.785213,19.134789,,osm,way,631593045
51.574925,21.195031,,osm,way,631655677
51.212858,22.569693,,osm,way,632081819
51.378086,21.086934,,osm,way,632633994
51.204732,22.545056,,osm,way,633629128
54.551242,18.524012,,osm,way,635445588
52.952283,17.913701,,osm,way,635755727
52.471054,16.938207,,osm,way,636230304
51.271709,22.550509,,osm,way,636556853
50.07537,19.435419,,osm,way,637438185
50.65001,21.892048,,osm,way,637481862
54.563196,18.107123,,osm,way,637559759
53.604071,19.567542,,osm,way,637730293
54.78281,18.324178,,osm,way,638188110
53.539123,14.538475,,osm,way,638537444
54.294198,18.528883,,osm,way,638808984
51.413914,21.093462,,osm,way,639422174
52.898428,18.141887,,osm,way,639425399
50.04089,21.988198,,osm,way,640136694
52.144968,17.089851,,osm,way,640389920
52.762558,15.259958,,osm,way,640547832
52.138454,16.76833,,osm,way,640893248
51.147039,17.108318,,osm,way,641181979
50.018971,20.016524,,osm,way,641918009
52.086158,21.278001,,osm,way,641918743
51.14727,15.786357,,osm,way,642678579
51.787093,19.412988,,osm,way,642850274
51.786909,19.412894,,osm,way,642850275
51.264212,17.341938,,osm,way,643002926
53.860768,16.611356,,osm,way,643151889
50.920383,15.753007,,osm,way,643305445
54.32425,18.743199,,osm,way,643374233
54.356382,18.657315,,osm,way,643376663
52.447768,16.877977,,osm,way,645718449
54.272633,18.571275,,osm,way,645952275
50.574749,21.690229,,osm,way,647223195
52.024963,21.285108,,osm,way,648556677
50.190977,19.408884,,osm,way,648569624
50.025131,19.220451,,osm,way,648795399
54.167894,19.399521,,osm,way,651201606
53.124954,17.964007,,osm,way,651614179
50.24493,18.841518,,osm,way,651813193
53.648163,16.72543,,osm,way,652459720
51.714905,17.22341,,osm,way,653111394
50.022233,22.014616,,osm,way,653653966
52.333434,20.940097,,osm,way,654204584
52.38949,16.849131,,osm,way,654337888
52.882588,21.806406,,osm,way,655037252
54.174258,19.403588,,osm,way,655199437
51.937448,15.557531,,osm,way,655483843
52.394795,16.904567,,osm,way,655557806
52.977948,22.242274,,osm,way,655666377
51.134995,20.702864,,osm,way,656336483
53.623371,16.487557,,osm,way,656565101
54.168296,19.403433,,osm,way,656792056
50.196569,18.981942,,osm,way,656857712
51.409627,16.43572,,osm,way,657211222
50.116203,19.043931,,osm,way,657327988
51.728265,19.42906,,osm,way,657667155
54.177683,19.40822,,osm,way,657850724
54.177658,19.409309,,osm,way,657850725
54.177736,19.410711,,osm,way,657879405
50.10912,18.971176,,osm,way,657924617
53.272197,16.481924,,osm,way,657924784
50.87794,20.639754,,osm,way,658304770
51.085418,15.71397,,osm,way,658342696
51.209899,16.848523,,osm,way,658895762
53.80216,22.377495,,osm,way,659112980
53.561369,17.714969,,osm,way,659402537
52.852684,19.733994,,osm,way,659428263
52.097671,21.009141,,osm,way,659803849
50.565175,21.172119,,osm,way,660580196
50.850296,16.491792,,osm,way,660681018
49.940445,22.727207,,osm,way,660791684
54.168747,19.407086,,osm,way,660939536
51.154271,17.042303,,osm,way,661712690
51.157965,16.933133,,osm,way,661724057
50.593251,18.708333,,osm,way,662472310
52.07038,17.417955,,osm,way,662824650
51.140978,21.878693,,osm,way,662913202
51.173446,16.157725,,osm,way,663320684
52.447802,15.177458,,osm,way,663651077
52.448443,15.185188,,osm,way,663653799
54.455228,17.062078,,osm,way,663842165
52.4308,16.911534,,osm,way,663984222
49.624944,18.874447,,osm,way,664855519
49.626241,20.408602,,osm,way,665440410
50.429969,21.278593,,osm,way,665668494
50.021234,20.831989,,osm,way,665854666
53.414394,14.539781,,osm,way,665978263
51.117137,16.996046,,osm,way,666124522
50.470342,20.70914,,osm,way,666278606
52.428885,16.79842,,osm,way,666433392
52.264555,21.030994,,osm,way,666494928
52.833491,18.648551,,osm,way,666731159
52.392236,16.860552,,osm,way,666753404
50.124397,19.820339,,osm,way,666960258
50.846303,16.463804,,osm,way,667522187
53.013779,17.745122,,osm,way,667742212
53.102293,16.882634,,osm,way,667850921
52.261674,21.040098,,osm,way,667945797
53.013592,17.740631,,osm,way,668053432
49.802349,18.664186,,osm,way,668132363
52.186563,20.634345,,osm,way,668298825
52.288022,21.04629,,osm,way,668325701
53.670876,16.49201,,osm,way,668762649
51.058166,19.45058,,osm,way,668994993
54.171819,19.44354,,osm,way,669210494
54.411055,18.663461,,osm,way,669471680
52.196212,18.232979,,osm,way,669492426
53.505136,14.701469,,osm,way,669576158
53.256542,19.79646,,osm,way,669749685
52.823244,19.617049,,osm,way,670714314
49.985639,20.971414,,osm,way,670770855
51.59116,22.104534,,osm,way,670788792
51.955169,17.598133,,osm,way,671042295
53.533421,14.755617,,osm,way,671119922
49.967996,19.143594,,osm,way,671120265
52.786504,14.499488,,osm,way,671176772
50.058426,21.397387,,osm,way,671327073
53.768563,16.099288,,osm,way,671601156
52.16278,21.082156,,osm,way,672645112
51.586998,21.552787,,osm,way,672745269
52.342754,16.860972,,osm,way,672992261
50.317179,17.573634,,osm,way,673169776
52.796305,18.156634,,osm,way,673313537
50.904334,20.639994,,osm,way,673672922
52.2227,20.902482,,osm,way,673976676
54.186079,19.392503,,osm,way,674074197
54.186455,19.391657,,osm,way,674074200
54.044761,15.875187,,osm,way,674367641
52.33871,16.870694,,osm,way,674432304
49.583973,20.295923,,osm,way,674780283
51.487254,21.880712,,osm,way,674955501
52.442642,15.57951,,osm,way,675204911
51.142111,15.005798,"Boisko",osm,way,675369767
51.137189,15.018337,"boisko",osm,way,675497582
53.128621,18.046518,,osm,way,675701968
53.128115,17.986932,,osm,way,675785566
53.128014,17.987242,,osm,way,675785572
53.128097,17.986978,,osm,way,675785573
52.222082,20.938802,,osm,way,675838360
53.261733,16.450213,,osm,way,676017335
53.129847,18.048177,,osm,way,676033919
50.114365,19.000939,,osm,way,676381930
50.31002,18.852507,,osm,way,677119554
51.748638,19.401615,,osm,way,677128956
51.653985,16.062983,,osm,way,677280375
52.323982,16.875592,,osm,way,677512885
52.22631,20.989884,,osm,way,677651745
50.082009,21.044351,,osm,way,677727332
53.736539,18.950453,,osm,way,677842379
53.736831,18.947974,,osm,way,677842411
52.453008,16.916678,,osm,way,678015533
52.332174,16.890067,,osm,way,678018330
52.128867,21.226413,,osm,way,678934692
53.569911,18.014957,,osm,way,678934971
52.451653,16.917,,osm,way,678936922
49.733249,19.528944,,osm,way,679043090
50.55021,19.456155,,osm,way,679129516
52.228443,20.952996,,osm,way,679135372
50.04192,19.955975,,osm,way,679584485
51.620275,21.929366,,osm,way,680608148
51.621844,21.923303,,osm,way,680608154
50.666743,17.818727,,osm,way,680713088
50.573609,17.879013,,osm,way,680753465
50.008508,20.896555,,osm,way,680972467
53.738076,18.931777,,osm,way,681166610
54.013769,15.986838,,osm,way,681496473
52.862667,21.089663,,osm,way,681580309
52.862483,21.089582,,osm,way,681580310
50.941907,20.242156,,osm,way,681636101
50.044529,20.065734,,osm,way,681739481
50.080776,19.754817,,osm,way,682153876
51.066969,17.710337,,osm,way,682172325
54.541342,16.549823,,osm,way,682177989
51.552756,15.52965,,osm,way,682213627
52.226776,21.100338,,osm,way,682402629
50.146028,21.100994,,osm,way,682790616
50.937263,16.489123,,osm,way,682843427
52.410666,22.217361,,osm,way,682969139
53.762338,19.831277,,osm,way,683086579
52.17772,21.077063,,osm,way,683393839
54.081823,15.628905,,osm,way,683483841
52.249015,20.913307,,osm,way,684552274
53.048042,18.703929,,osm,way,684822427
53.02804,18.619701,,osm,way,684938468
53.132535,19.293876,,osm,way,684971874
53.02709,18.614308,,osm,way,685009686
53.026616,18.607351,,osm,way,685012837
52.951586,21.75639,,osm,way,685069761
52.412795,16.952283,,osm,way,685106562
52.544408,18.838943,,osm,way,685841896
52.621777,18.529111,,osm,way,686087417
49.948833,20.928876,,osm,way,686282802
52.087481,20.950375,,osm,way,686355569
49.766179,18.689787,,osm,way,686944636
51.637047,21.492352,,osm,way,687009576
53.616302,17.456628,,osm,way,687022910
54.353202,18.621595,,osm,way,687246619
50.695866,17.38954,,osm,way,687427013
53.477619,22.943858,,osm,way,687906838
53.448999,17.429222,,osm,way,687976152
52.24256,18.273855,,osm,way,688097364
53.736871,18.919846,,osm,way,688205581
50.001443,19.907231,,osm,way,688222956
52.385518,16.921902,,osm,way,688708166
52.373654,16.626323,,osm,way,688746242
53.847013,22.99686,,osm,way,689303463
53.840336,22.979723,,osm,way,689435579
54.172049,15.562432,,osm,way,689444506
52.34323,16.606824,,osm,way,689534916
52.391735,16.957587,,osm,way,690854306
52.39188,16.955592,,osm,way,690854320
49.833418,19.510908,,osm,way,690921626
51.951271,15.532459,"Hala do koszykówki",osm,way,691024928
51.204124,22.57058,,osm,way,691067028
53.752169,18.69035,,osm,way,691080602
51.432447,21.914728,,osm,way,691469978
53.473747,17.442789,,osm,way,691534075
54.257088,18.478255,,osm,way,691743708
53.563887,21.007125,,osm,way,692407483
54.183567,19.41713,,osm,way,692414006
54.181691,15.596253,,osm,way,692548371
51.944156,20.955019,,osm,way,693006685
52.127054,20.962736,,osm,way,694059229
53.737753,18.945117,,osm,way,694316072
50.287313,17.424941,,osm,way,694355403
49.957951,19.815594,,osm,way,694674158
52.734531,15.246474,"Boisko do koszykówki",osm,way,694800952
52.097424,21.287862,,osm,way,695794798
49.978282,18.506335,,osm,way,695794817
51.937305,15.562223,,osm,way,696250901
54.148131,15.563019,,osm,way,696873414
52.800001,18.279732,,osm,way,697132701
52.233966,20.948686,,osm,way,697722594
52.23395,20.948557,,osm,way,697722595
54.374321,18.558358,,osm,way,697762234
50.816701,20.647565,,osm,way,698758224
52.405585,21.328185,,osm,way,698951357
54.096045,21.935629,,osm,way,699058096
52.721858,22.728056,,osm,way,699073922
52.673053,22.319911,,osm,way,699106385
52.627389,18.178428,,osm,way,699116713
51.655575,16.06787,,osm,way,699402362
52.056864,20.738014,,osm,way,699454964
51.628402,20.826341,,osm,way,699783798
50.908616,20.60102,,osm,way,699958513
49.800101,19.064607,,osm,way,700196300
51.665816,20.855122,,osm,way,700356659
51.692404,20.814972,,osm,way,700419428
54.179173,19.415242,,osm,way,700495612
53.117107,20.384935,,osm,way,700793232
52.581612,20.763759,,osm,way,700918502
52.200577,21.047069,,osm,way,701418664
53.126988,20.353205,,osm,way,701676814
49.774408,22.010224,,osm,way,701697002
53.106503,20.391965,,osm,way,701861574
54.541751,17.753414,,osm,way,702054637
52.427376,16.835622,,osm,way,702160412
52.154342,21.5688,,osm,way,702495987
52.405168,16.865842,,osm,way,702669541
51.630982,18.776557,,osm,way,703498898
53.569746,22.282385,,osm,way,703950935
54.244917,20.814874,,osm,way,704106098
54.018391,19.026264,,osm,way,704107390
51.619388,18.782314,,osm,way,704168291
50.459108,23.172258,,osm,way,704192231
54.034199,14.8097,,osm,way,704570061
53.409456,17.813657,,osm,way,704622676
50.024928,19.97629,,osm,way,704777747
54.181476,19.424686,,osm,way,704938857
51.585523,18.715792,,osm,way,704999059
52.064297,20.787865,,osm,way,705940417
53.128236,23.155602,,osm,way,706143393
53.153255,17.962196,,osm,way,706509561
49.688286,21.76449,,osm,way,706656092
50.432279,19.044865,,osm,way,707846270
52.937346,17.863636,,osm,way,708297810
50.867775,20.648847,,osm,way,708325497
50.089053,19.990423,,osm,way,708340372
50.867843,20.643797,,osm,way,708602452
53.167644,16.688208,,osm,way,708676893
53.408827,19.755702,,osm,way,708787015
52.986634,15.227509,,osm,way,708928271
50.872188,20.619921,,osm,way,709351856
50.872291,20.620152,,osm,way,709351857
51.596797,18.748641,,osm,way,709683742
52.182432,21.063969,,osm,way,709828679
54.189435,19.41492,,osm,way,710254340
51.325172,19.849514,,osm,way,710460977
50.607026,18.485437,,osm,way,710534035
50.099454,19.027522,,osm,way,710614777
52.280322,16.841096,,osm,way,710727882
50.319562,22.339241,,osm,way,710852118
54.363438,18.72447,,osm,way,711951413
49.796835,22.91227,,osm,way,712006057
50.229914,16.765316,,osm,way,712120572
50.711831,15.999642,,osm,way,713120713
50.095563,19.90479,,osm,way,713721684
49.989308,20.353974,,osm,way,714362906
50.868183,20.649614,,osm,way,714531175
51.800058,16.651072,,osm,way,714746050
53.477221,17.810642,,osm,way,715024811
52.327202,17.577466,,osm,way,715421817
53.541755,14.862036,,osm,way,715910791
49.738774,21.481678,,osm,way,717329200
51.340896,21.994719,,osm,way,717946550
52.406081,16.86647,,osm,way,718464507
51.093164,23.464877,,osm,way,718836765
51.517817,20.030366,,osm,way,718883928
53.474882,17.678986,,osm,way,719030991
52.304916,19.159589,,osm,way,719422041
50.824951,20.533987,,osm,way,720986477
51.584223,18.707619,,osm,way,721277014
52.243817,16.859626,,osm,way,721675130
52.243379,16.858943,,osm,way,721675132
49.445117,22.39635,,osm,way,722416034
50.122526,21.752882,,osm,way,722617939
52.227192,16.826273,,osm,way,722803364
53.557543,14.826242,,osm,way,722858698
54.188136,19.426061,,osm,way,722895573
53.462969,18.744292,,osm,way,723068671
50.157388,18.483483,,osm,way,723103679
52.152675,21.032339,,osm,way,723277432
52.152577,21.032167,,osm,way,723277433
52.10547,20.800239,,osm,way,723485191
52.105557,20.800538,,osm,way,723485192
52.271001,21.051687,,osm,way,725162388
51.390341,15.598397,,osm,way,725421876
53.398423,20.949306,,osm,way,727096087
51.759624,19.548655,,osm,way,727159747
51.398079,15.179707,,osm,way,727310625
53.604291,18.044362,,osm,way,727570159
50.044368,22.458811,,osm,way,728410779
52.840595,19.178112,,osm,way,728853656
54.017439,19.013821,,osm,way,728854122
53.767105,19.783062,,osm,way,729306262
53.778302,18.149213,,osm,way,729313513
53.107122,23.121375,"Boisko do koszykówki",osm,way,729322870
51.32385,21.945378,,osm,way,729379159
51.378245,20.27131,,osm,way,729551402
54.206639,19.135189,,osm,way,730293975
54.206016,19.12015,,osm,way,730662098
53.354999,18.071896,,osm,way,730701895
52.473159,17.283261,,osm,way,731108247
52.473026,17.283202,,osm,way,731108249
52.473537,17.283307,,osm,way,731108250
51.96162,15.970205,,osm,way,732192528
50.248662,20.785482,,osm,way,732722331
54.04556,19.040679,,osm,way,733696983
54.347074,18.675594,,osm,way,733749990
50.153402,19.478046,,osm,way,734223689
52.072952,21.014355,,osm,way,735437382
52.073002,21.014855,,osm,way,735437383
53.373912,17.436344,,osm,way,736826159
52.140829,20.786844,,osm,way,737290382
52.255245,17.089682,,osm,way,737421655
52.252833,17.090972,,osm,way,737713841
53.451493,17.522893,,osm,way,738715055
53.457192,17.535243,,osm,way,738931872
51.293735,22.215895,,osm,way,738939560
53.945208,22.440546,,osm,way,738971996
50.647851,17.948801,,osm,way,739059851
52.093033,21.251217,,osm,way,739061163
53.474871,18.768246,,osm,way,739563390
51.723533,21.956981,,osm,way,739676617
51.616388,22.45876,,osm,way,739676638
51.865157,15.508848,,osm,way,739942242
50.868693,23.927142,,osm,way,741178613
51.630072,21.873445,,osm,way,741178619
50.873468,20.642361,,osm,way,741739321
49.746657,21.478611,,osm,way,743123087
51.722346,19.471018,,osm,way,743299211
50.241902,19.149328,,osm,way,743713156
51.382185,20.276897,,osm,way,743809751
52.121866,20.470019,,osm,way,744256592
52.711196,17.553174,,osm,way,744322376
52.179352,20.99971,,osm,way,744626049
51.047061,17.238054,,osm,way,746573668
50.292334,19.17776,,osm,way,746722082
54.000388,15.386004,,osm,way,746913952
52.568,16.998785,,osm,way,747735571
52.01067,18.476262,,osm,way,748956661
52.034872,18.489284,,osm,way,749867172
51.931296,22.30118,,osm,way,749888850
49.57177,20.347006,,osm,way,750149500
54.11015,15.88432,,osm,way,750407265
50.10008,19.310347,,osm,way,750701374
54.21358,16.2066,,osm,way,751042474
52.016074,15.465337,,osm,way,751240446
53.864755,20.947904,,osm,way,751396415
53.399399,14.523627,,osm,way,751400999
53.478608,18.751248,,osm,way,751509765
49.643111,20.120189,,osm,way,751614995
50.861871,20.758331,,osm,way,752928139
52.028977,21.1836,,osm,way,753487827
50.841343,19.121446,,osm,way,753622892
49.524571,20.608456,,osm,way,754643584
51.594221,23.005859,,osm,way,755025222
51.142542,17.217652,,osm,way,755425352
50.509267,16.73238,,osm,way,755433426
49.794111,18.943684,,osm,way,756236678
51.946633,15.484746,,osm,way,756379052
53.347809,17.020559,,osm,way,756930162
51.012288,22.54284,,osm,way,757296349
50.402377,19.085807,,osm,way,757648872
51.754742,19.539729,,osm,way,757950528
52.17488,21.071837,,osm,way,758104077
50.307272,19.093803,,osm,way,758104394
50.267741,19.979058,,osm,way,758706630
51.756422,19.544633,,osm,way,758706867
52.529511,19.774692,,osm,way,759057428
52.3032,20.976522,,osm,way,759401156
52.516199,19.774518,,osm,way,759617428
52.312225,16.146047,,osm,way,759672374
52.393676,16.782687,,osm,way,759989672
52.153743,21.024726,,osm,way,760064893
52.237462,21.058195,,osm,way,760258850
50.243219,19.977174,,osm,way,760843859
50.319228,20.059304,,osm,way,760898358
50.3221,20.108441,,osm,way,760908430
52.971505,15.698867,,osm,way,760997372
54.416899,17.057472,,osm,way,761416381
53.316084,15.034465,,osm,way,761569233
53.540322,18.102386,,osm,way,761827836
52.209452,19.574934,,osm,way,763166705
53.639709,17.363012,,osm,way,763240224
54.481022,16.843844,,osm,way,763975306
53.02655,18.620493,,osm,way,764040836
53.060666,21.606143,,osm,way,764302079
49.818632,20.481465,,osm,way,764458808
50.259462,19.808361,,osm,way,764571298
52.982891,17.951648,,osm,way,764587170
51.069419,17.038863,,osm,way,764661993
49.882842,19.48627,,osm,way,765229420
50.232792,19.879552,,osm,way,765645082
51.934602,15.485472,,osm,way,765782825
52.333778,16.741848,,osm,way,765987827
53.621231,17.449509,,osm,way,766059598
51.742645,19.486425,,osm,way,766107922
51.943161,15.517532,,osm,way,766155952
52.925585,14.859806,,osm,way,766443222
50.277857,19.585896,,osm,way,767503532
50.291287,21.442196,,osm,way,767939325
51.126756,16.972846,,osm,way,768285306
49.519048,20.580353,,osm,way,768423596
52.276101,20.939577,,osm,way,768462562
52.288573,20.943435,,osm,way,768480743
51.95283,20.135301,,osm,way,768676335
52.283329,20.957761,,osm,way,769109676
51.769663,19.495601,,osm,way,769615153
49.944319,21.611645,,osm,way,769751621
51.089794,16.85179,,osm,way,769886085
51.728313,19.484485,,osm,way,770513540
52.291225,20.942979,,osm,way,770628445
49.532014,20.56108,,osm,way,771379058
50.851856,16.017169,,osm,way,772019635
54.460637,16.985133,,osm,way,772125927
53.903276,14.279227,,osm,way,772417859
53.90301,14.282769,,osm,way,772417862
52.173394,21.105898,,osm,way,772787683
53.009392,18.576642,,osm,way,772954467
49.972964,19.100944,,osm,way,773788075
52.412741,16.89387,,osm,way,775391023
52.387413,16.869875,,osm,way,775594159
50.781712,16.022343,,osm,way,776338221
51.136889,17.028789,,osm,way,777082594
53.724398,18.922245,,osm,way,777442141
53.200877,23.152774,,osm,way,777905304
51.1826,22.409095,,osm,way,778033448
53.43592,20.030899,,osm,way,778223602
52.392654,17.018986,,osm,way,779052171
51.784426,22.625539,,osm,way,779284936
50.213478,19.687298,,osm,way,780302129
51.073311,16.925599,,osm,way,782197060
52.411329,16.9846,,osm,way,782447643
50.325094,18.938679,,osm,way,783109017
54.551755,18.534574,,osm,way,783728783
50.485789,19.410918,,osm,way,784460513
52.327314,21.037398,,osm,way,785296315
52.327161,21.037426,,osm,way,785296316
54.767172,18.338356,"Orlik",osm,way,785410120
51.789317,21.600069,,osm,way,785538470
50.494368,19.400997,,osm,way,785663457
51.16221,21.227957,,osm,way,786138774
51.932479,21.694315,,osm,way,786842246
52.098032,21.034345,,osm,way,786976931
51.142354,16.884864,,osm,way,787559787
51.427916,21.155555,,osm,way,787564804
51.428178,21.156236,,osm,way,787564811
50.095899,18.992022,,osm,way,788225450
50.815242,20.405218,,osm,way,790545471
53.021962,18.673258,,osm,way,791013445
52.15902,21.052244,,osm,way,791111323
50.119735,19.000237,,osm,way,791502534
50.626934,19.354831,,osm,way,791556472
51.978055,21.681274,,osm,way,791918736
51.233262,22.52027,,osm,way,792281157
54.331795,18.798471,,osm,way,793306780
52.53146,17.583748,,osm,way,793504729
51.256498,19.680397,,osm,way,793609704
51.403621,21.087253,,osm,way,793888674
52.881254,20.607365,,osm,way,793935706
52.601993,21.457696,,osm,way,793962022
52.569778,21.42108,,osm,way,794150064
52.570086,21.421587,,osm,way,794150066
54.173353,15.564441,,osm,way,794163331
52.399043,17.073553,,osm,way,794420830
52.987348,16.909253,,osm,way,794928134
54.369868,18.336776,,osm,way,795387529
51.96657,15.716133,,osm,way,795930998
52.077884,21.066776,,osm,way,796266580
52.243124,21.541956,,osm,way,796315507
50.464073,20.712764,,osm,way,796459266
50.464187,20.71489,,osm,way,796603078
52.312645,20.81316,,osm,way,796649578
52.605004,21.180114,,osm,way,797021838
52.877803,20.623018,,osm,way,797093841
51.789385,19.425822,,osm,way,798102925
50.259757,19.270249,,osm,way,798473415
51.790209,19.424284,,osm,way,798768236
51.527437,22.369235,,osm,way,798925152
50.308662,18.857229,,osm,way,798963752
51.422779,22.269042,,osm,way,799116203
51.944619,21.768703,,osm,way,799217651
51.956477,21.972328,,osm,way,799330025
50.358027,19.057207,,osm,way,800331759
50.158127,19.795359,,osm,way,800444989
49.435764,22.575518,,osm,way,800838380
51.093045,17.034958,,osm,way,801414969
51.115308,16.962791,,osm,way,802050429
50.479923,20.020575,,osm,way,802386837
52.996864,16.91441,,osm,way,802699281
50.056116,21.399206,,osm,way,802704290
54.176767,15.56723,,osm,way,802840421
52.996989,16.916598,,osm,way,802974417
49.660619,19.175664,,osm,way,803440090
52.176751,21.054811,,osm,way,804729170
52.177046,21.053508,,osm,way,804729172
51.258427,22.538941,,osm,way,804760317
52.245806,20.988913,,osm,way,804793792
52.536487,17.579603,,osm,way,804932012
50.421913,19.396607,,osm,way,805138239
50.054498,21.415343,,osm,way,806213066
50.055427,21.4154,,osm,way,806213078
53.113199,18.010501,,osm,way,806495863
50.330232,19.221277,,osm,way,807778373
51.255773,22.588157,,osm,way,808087636
52.749589,18.917958,,osm,way,808576729
52.749293,18.918102,,osm,way,808576730
50.327777,19.19711,,osm,way,808743787
52.308834,19.165448,,osm,way,809354867
52.330022,23.039148,,osm,way,809495774
49.629854,21.791372,,osm,way,810466985
52.243743,21.275901,,osm,way,810499962
51.134336,17.084216,,osm,way,810528420
49.776384,19.60429,,osm,way,812661726
53.031027,21.154568,,osm,way,813253392
51.854421,19.425929,,osm,way,813296176
54.065848,19.643452,,osm,way,813484204
50.296957,20.801726,,osm,way,813484759
51.201515,20.893013,,osm,way,813612506
50.62846,19.276716,,osm,way,813624638
49.722965,20.323379,,osm,way,813714596
51.696095,17.431393,,osm,way,814019157
50.045767,19.211626,,osm,way,814328000
52.84549,17.725503,,osm,way,814753994
51.649469,19.370488,,osm,way,815068157
51.360599,20.812085,,osm,way,815430859
54.437733,18.570199,,osm,way,815453204
51.369151,20.877443,,osm,way,815706577
54.334631,18.195064,,osm,way,816480832
52.643558,19.093179,,osm,way,816539314
52.643502,19.093296,,osm,way,816539315
52.643166,19.092668,,osm,way,816539316
52.64311,19.092781,,osm,way,816539317
52.638309,19.087707,,osm,way,816539318
52.638264,19.088022,,osm,way,816539319
51.395051,21.080088,,osm,way,817030824
50.171852,23.120658,,osm,way,817349959
51.88932,17.06381,,osm,way,817819948
50.279713,18.881553,,osm,way,818123300
50.094766,19.770828,,osm,way,819157250
53.7316,18.922532,,osm,way,819395968
50.827444,19.105635,,osm,way,819629932
50.040359,19.227879,,osm,way,819947026
50.258554,19.174128,,osm,way,820160020
54.471553,18.521327,,osm,way,821485669
50.243957,19.327656,,osm,way,823020360
51.406733,21.218242,,osm,way,823446169
54.192994,15.663305,,osm,way,824763463
54.498124,18.516607,,osm,way,824766953
54.500184,18.503419,,osm,way,824786673
53.252534,14.495883,,osm,way,825165145
51.303018,22.542409,,osm,way,825251902
52.159436,21.854802,,osm,way,825964271
51.331468,20.969022,,osm,way,826467301
54.359558,18.609226,,osm,way,826506721
54.320013,18.56804,,osm,way,827142422
54.54379,18.449777,,osm,way,828444416
53.908577,14.224456,,osm,way,829400095
53.908621,14.22437,,osm,way,829400096
52.99316,16.918592,,osm,way,829684915
49.715315,19.098948,,osm,way,829833217
52.403446,21.26375,,osm,way,831446043
54.136158,20.590138,,osm,way,831755116
53.464379,21.139142,,osm,way,833832820
54.181259,16.18965,,osm,way,834309148
50.255451,22.420116,,osm,way,834316648
52.175256,21.015668,,osm,way,834352371
52.176574,21.014969,,osm,way,834352616
50.289981,22.432251,,osm,way,834788191
53.531057,16.007379,,osm,way,834812758
54.214736,16.094554,,osm,way,835371673
52.101787,21.129897,,osm,way,835482232
49.746199,21.459481,,osm,way,835809631
51.811096,21.076889,,osm,way,835839667
51.768777,19.624473,,osm,way,835860413
50.101889,18.492083,,osm,way,836075442
51.267812,22.983503,,osm,way,836281005
50.910598,21.438906,,osm,way,837102310
49.415722,22.3471,,osm,way,837310392
51.455392,20.747996,,osm,way,837475385
51.393541,21.118924,,osm,way,837595078
52.230896,21.348997,,osm,way,837639153
49.479875,19.138499,,osm,way,837828040
50.129616,19.396466,,osm,way,837987364
51.388855,19.660615,,osm,way,839641525
52.203295,20.978932,,osm,way,839656012
52.738043,15.248564,,osm,way,839671330
52.737786,15.248454,,osm,way,839681156
52.217258,21.285326,,osm,way,839794089
52.73417,15.259568,,osm,way,839844309
52.173054,22.26768,,osm,way,839928560
54.399261,18.11072,,osm,way,840095610
49.698111,21.748303,,osm,way,840238140
50.364154,19.341875,,osm,way,840255783
49.750097,21.461925,,osm,way,840278266
51.963366,16.251443,,osm,way,840842097
52.859541,21.109071,,osm,way,841028105
50.890007,20.613409,,osm,way,841437309
49.880341,19.210939,,osm,way,842218290
51.742432,17.600322,,osm,way,842379987
53.963958,14.968321,,osm,way,842452614
49.66765,19.277573,,osm,way,842624509
51.644504,17.862492,,osm,way,842823188
54.307627,18.388617,,osm,way,842873756
51.134397,20.112936,,osm,way,843072141
51.408575,21.149238,,osm,way,843145673
52.316454,21.034568,,osm,way,843232067
51.756838,19.462193,,osm,way,843853307
54.204992,15.739672,,osm,way,844941338
52.375083,16.948678,,osm,way,845066844
52.724873,15.229895,,osm,way,845179383
51.123353,16.96965,,osm,way,845357385
51.104135,17.191383,,osm,way,845666990
52.260714,20.97966,,osm,way,845722467
50.107502,18.474756,,osm,way,846149543
52.167608,20.888991,,osm,way,846290350
51.466563,22.604553,,osm,way,846465987
53.460073,14.564945,,osm,way,846546091
50.206207,19.156813,,osm,way,846859892
52.756523,15.248634,,osm,way,847247145
52.037752,14.865398,,osm,way,848542482
51.084185,20.857911,,osm,way,848562454
50.775133,19.675611,,osm,way,848762046
52.062743,14.80016,,osm,way,849097316
52.158949,20.945815,,osm,way,849592248
50.031877,18.506871,,osm,way,849722636
49.766779,21.421436,,osm,way,849839639
50.323638,19.227998,,osm,way,850195109
52.188124,20.81438,,osm,way,850214568
50.79857,19.28002,,osm,way,851253342
53.719334,18.972257,,osm,way,852513748
54.100454,22.91525,,osm,way,855886910
50.338392,19.223326,"Boisko do koszykówki",osm,way,856524836
50.037564,20.824894,,osm,way,856538460
50.082372,19.560802,,osm,way,856849333
51.089957,17.038174,,osm,way,857249524
51.091614,17.039396,,osm,way,857249535
51.088593,17.039603,,osm,way,857484688
52.872012,18.685911,,osm,way,857615569
51.969165,22.790131,"Koszykówka",osm,way,857756550
52.199357,20.971545,,osm,way,857869124
51.134991,21.003809,,osm,way,857889105
52.152576,20.757142,,osm,way,857943138
51.927101,19.066331,,osm,way,858684811
51.748716,19.416877,,osm,way,858719177
51.034395,16.99688,,osm,way,859355500
51.750347,19.411812,,osm,way,859435156
51.93489,15.483544,,osm,way,859570916
51.749294,19.411204,,osm,way,860037610
52.388877,16.862363,,osm,way,860104859
52.388951,16.862759,,osm,way,860104860
52.387012,16.860348,,osm,way,860104881
51.192383,19.355804,,osm,way,860385465
54.169004,15.549356,,osm,way,860582484
52.22321,20.934928,,osm,way,862057379
52.165037,22.294124,,osm,way,863241346
49.756865,21.489154,,osm,way,863565651
52.99236,18.601903,,osm,way,863606206
49.985889,20.076244,,osm,way,863746787
50.198752,19.038195,,osm,way,863753489
50.84244,19.132901,,osm,way,863968964
52.198583,22.341845,,osm,way,864110275
54.083503,22.932499,,osm,way,864432144
49.974632,20.081322,,osm,way,864730433
51.305371,17.079994,,osm,way,865072976
52.778106,23.194157,,osm,way,865445193
53.356511,14.592001,,osm,way,865962852
49.729367,19.332164,,osm,way,866706282
52.37637,16.815895,,osm,way,867310497
52.193783,20.87559,,osm,way,867476102
53.377761,14.696639,,osm,way,868104712
50.283,18.680499,,osm,way,868474611
50.844201,16.419637,,osm,way,869143006
54.278981,17.101056,,osm,way,869888938
50.080186,20.019279,,osm,way,870576613
53.214964,18.039549,,osm,way,870726786
50.575739,21.927393,,osm,way,870768464
52.457314,16.996779,,osm,way,870922215
50.137122,18.364061,,osm,way,871409629
50.261634,19.470428,,osm,way,871596011
50.062856,19.964287,,osm,way,871646044
52.39223,22.018857,,osm,way,871688037
53.399134,14.527187,,osm,way,875839432
51.03831,18.930392,,osm,way,877446781
52.43719,16.93416,,osm,way,878696978
53.428479,14.539934,,osm,way,880363616
54.015213,16.975452,,osm,way,881119924
51.925976,22.363164,,osm,way,881268946
53.46009,14.579482,,osm,way,881439799
52.791276,20.572516,,osm,way,882064189
53.44923,14.567599,,osm,way,882074412
53.44838,14.566693,,osm,way,882074414
51.123992,23.477799,,osm,way,882967492
53.24928,19.404914,,osm,way,884723151
53.250323,19.399112,,osm,way,884927287
53.509884,18.311127,,osm,way,885544202
51.240638,22.580635,,osm,way,886279379
49.569653,22.198241,,osm,way,886364208
49.57217,22.193061,,osm,way,886365187
49.571414,22.194975,,osm,way,886365191
49.571735,22.194014,,osm,way,886365195
50.067384,22.487185,,osm,way,886586152
50.194117,19.573943,,osm,way,886938332
50.267247,19.146123,,osm,way,887291262
50.016046,22.691422,,osm,way,887659335
51.42374,19.383077,,osm,way,887675259
50.103368,19.460826,,osm,way,888085664
52.544426,19.750182,,osm,way,888214964
51.790237,19.458202,,osm,way,888511911
54.227556,16.297902,,osm,way,888974731
50.086829,20.015054,,osm,way,889159615
52.268981,21.041367,,osm,way,889365554
51.218019,22.543027,,osm,way,891075714
49.843084,19.761144,,osm,way,891221529
54.540492,18.541791,,osm,way,892204220
50.52875,22.121994,,osm,way,892479833
50.03523,19.237842,,osm,way,892705795
50.036571,19.228842,,osm,way,892706277
50.294615,19.434976,,osm,way,892712108
52.732726,15.213904,,osm,way,892812634
51.271223,22.547436,,osm,way,892852578
52.18723,21.070752,,osm,way,892867401
51.035193,21.062161,,osm,way,893102890
53.491831,17.244783,,osm,way,893609066
52.254809,22.246804,,osm,way,893749346
50.111139,18.546746,,osm,way,893972567
50.044607,21.97599,,osm,way,894207132
51.350335,21.18397,,osm,way,894627577
50.465329,17.341121,,osm,way,894817316
51.364047,20.685507,,osm,way,895075747
51.224363,22.700216,,osm,way,895533086
54.015894,16.393078,,osm,way,895715830
52.209009,22.521056,,osm,way,895918859
51.391149,21.104441,,osm,way,896352469
50.65219,20.596626,,osm,way,896353337
52.766421,20.547108,,osm,way,896454384
49.890539,19.829764,,osm,way,896546453
52.450817,16.940552,,osm,way,896661060
53.360248,14.745038,,osm,way,897876782
50.214149,21.514323,,osm,way,899273830
53.919087,15.177236,,osm,way,899453531
50.836767,19.13715,,osm,way,899513767
52.735265,18.148232,,osm,way,899566461
52.753709,18.191521,,osm,way,899790914
50.707533,22.419988,,osm,way,900166964
51.057486,20.400514,,osm,way,900351515
54.260688,18.162071,,osm,way,900701224
51.7939,14.977491,,osm,way,900935320
54.09497,15.09185,,osm,way,901376739
51.384691,21.179956,,osm,way,901408881
51.380324,21.246144,,osm,way,901410014
51.210034,16.143697,,osm,way,901640684
52.742397,18.254017,,osm,way,902092116
49.627904,19.523126,,osm,way,902287542
52.196602,20.869208,,osm,way,902346809
53.732321,22.057733,,osm,way,904294665
54.372927,19.826035,,osm,way,904299221
50.81861,23.831058,,osm,way,904504363
51.721507,19.62811,"Boisko do koszykówki „Orlik 2012”",osm,way,904773080
50.346694,17.866304,,osm,way,904797790
49.96807,20.417938,,osm,way,905207238
49.60147,21.863849,,osm,way,905464978
51.571938,21.49179,,osm,way,905490566
53.02205,14.676284,,osm,way,905985545
50.314994,17.573912,,osm,way,906147386
51.1571,21.231527,,osm,way,906831634
50.318602,17.562376,,osm,way,906944469
50.314074,17.566484,,osm,way,906944559
50.325313,17.585174,,osm,way,907045064
50.325353,17.584958,,osm,way,907045065
52.448326,16.999377,,osm,way,907284141
52.03109,23.074685,,osm,way,907310074
52.095663,21.119806,,osm,way,907677351
50.055706,19.932348,,osm,way,907767030
52.871095,20.59656,,osm,way,907878439
54.294491,18.528305,,osm,way,908398376
52.245805,21.086502,,osm,way,909787814
51.252722,22.559371,,osm,way,909974476
53.162163,18.871672,,osm,way,910751646
52.059227,20.971204,,osm,way,910964799
51.096254,16.211717,,osm,way,911196972
50.943233,17.304511,,osm,way,911519581
50.93639,17.300167,,osm,way,911519582
52.408954,22.235626,"Hala sportowa przy Zespole Szkół nr 1 w Sokołowie Podlaskim",osm,way,911559495
51.184091,18.145576,,osm,way,911865173
54.369996,16.870128,,osm,way,911965814
50.05263,21.616707,,osm,way,912165601
51.642592,16.114252,,osm,way,912176195
54.272741,18.20237,,osm,way,912557771
49.949407,20.42995,,osm,way,912730299
51.212166,17.385962,,osm,way,913685384
52.110622,21.116579,,osm,way,913988098
50.64974,17.858544,,osm,way,914119286
53.350886,18.443983,,osm,way,914196621
53.386331,18.501176,,osm,way,914376863
53.395162,18.574581,,osm,way,914379123
54.210575,17.946981,,osm,way,914808575
50.016488,21.005959,,osm,way,915208866
50.808821,16.258451,"Hala Sportowa",osm,way,915360418
51.202481,20.987735,,osm,way,915523415
51.334927,21.487522,,osm,way,915601118
50.834668,19.13378,,osm,way,915633871
53.21857,18.060319,,osm,way,915859336
50.532325,22.703216,,osm,way,915944959
52.154171,21.048147,,osm,way,916482095
51.091378,17.186031,,osm,way,916717500
51.076499,17.174926,,osm,way,916717522
51.882138,21.823495,,osm,way,916842220
51.371245,20.646103,,osm,way,916951728
51.388892,20.607583,,osm,way,916963235
51.956592,14.725669,,osm,way,917009164
51.449228,20.464993,,osm,way,917013270
52.895719,18.416649,,osm,way,917043531
51.506098,20.775151,,osm,way,917119515
52.654229,19.079104,,osm,way,917140700
52.153228,21.046411,,osm,way,917143349
52.259223,21.032484,,osm,way,917337165
51.148435,16.944785,,osm,way,917497643
50.013216,21.010295,,osm,way,917852796
51.4142,21.284872,,osm,way,917894108
52.210854,20.998336,,osm,way,918216557
52.288325,20.978793,,osm,way,918216558
52.067387,20.934154,,osm,way,918216560
49.767347,19.2176,,osm,way,918412255
50.019284,22.736918,,osm,way,918679408
50.036374,19.233832,,osm,way,919367335
51.056571,17.221848,,osm,way,919772265
54.11968,19.289742,,osm,way,919820417
52.682886,19.101878,,osm,way,919871755
52.845739,19.676105,,osm,way,919943316
51.343944,16.952787,,osm,way,920065384
51.685333,21.174388,,osm,way,920091171
51.404259,16.210349,"Boisko do koszykówki",osm,way,920546058
49.675207,22.111184,,osm,way,920862801
52.915506,17.997384,,osm,way,921075064
52.161798,20.512986,,osm,way,921284295
53.920615,19.026958,,osm,way,921459828
53.069183,21.493479,,osm,way,921516369
49.375107,22.472081,,osm,way,921873453
49.374889,22.472243,,osm,way,921873454
52.398542,16.92554,,osm,way,922298536
50.010158,22.696883,,osm,way,922474585
50.657927,16.210976,,osm,way,922734544
51.228337,16.579342,,osm,way,922880123
52.998031,18.634012,,osm,way,923081817
52.988642,22.241626,,osm,way,923361106
52.918014,22.518053,,osm,way,923364347
52.448301,16.916807,,osm,way,924761669
52.241425,21.092978,,osm,way,924897583
50.619783,17.859542,,osm,way,925108629
50.164737,23.045853,,osm,way,926201090
51.900985,19.575627,,osm,way,926214007
50.085329,23.008901,,osm,way,926223185
52.44725,21.280524,,osm,way,926682665
49.446315,21.170282,,osm,way,926757109
51.034965,16.760939,,osm,way,927101417
51.683657,19.378557,,osm,way,927249336
52.988757,18.399158,,osm,way,927256976
51.739812,19.680905,,osm,way,927271264
50.864847,16.266259,,osm,way,927786774
49.923505,22.746188,,osm,way,927824732
50.200637,17.827741,,osm,way,928454536
51.32085,17.057763,,osm,way,928631592
50.017868,21.995852,,osm,way,928694154
49.857864,20.291153,,osm,way,929264216
49.62897,20.947854,,osm,way,930428684
50.464938,22.922127,,osm,way,930442464
53.209435,18.154312,,osm,way,930657270
50.329188,22.869517,,osm,way,930694941
51.575904,21.856945,,osm,way,931149528
51.947004,21.134431,,osm,way,931179649
51.805342,19.442921,,osm,way,931304927
50.44694,21.715128,,osm,way,931549334
50.915045,19.887785,,osm,way,931558197
51.138024,22.847274,,osm,way,931564138
51.137828,22.847393,,osm,way,931564139
52.226466,21.087967,,osm,way,931819694
52.192788,21.070475,,osm,way,932193561
52.408006,20.951755,,osm,way,932770455
52.059187,19.191447,,osm,way,935146498
49.735436,21.394357,"Boisko do koszykówki",osm,way,935525155
54.830616,18.307224,,osm,way,935619838
54.120666,22.933935,,osm,way,936916222
53.924752,18.697526,,osm,way,937444249
50.978073,16.90747,,osm,way,937958710
50.249946,19.138742,,osm,way,939082427
51.765314,17.046111,,osm,way,939459003
53.139481,23.055817,,osm,way,940432431
51.766936,21.384535,,osm,way,940635937
51.72,22.522228,,osm,way,940778375
51.704413,22.546972,,osm,way,940778378
50.486639,22.179975,,osm,way,941403354
54.393925,18.568088,,osm,way,941649760
52.733641,19.117228,,osm,way,941864903
50.01135,20.994996,,osm,way,942717708
51.27179,22.508937,,osm,way,942852735
50.781349,16.722837,,osm,way,943173936
50.518655,22.139166,,osm,way,943187268
50.521695,22.130427,,osm,way,943187271
50.101312,19.967343,,osm,way,943206665
54.400065,18.561791,,osm,way,943310797
50.871113,17.509316,,osm,way,943921757
52.245869,15.529159,,osm,way,944346777
51.982606,20.156826,,osm,way,944691662
52.412412,16.930748,,osm,way,945221162
53.06053,17.821841,,osm,way,945494504
53.500581,19.39506,,osm,way,945988189
52.252435,15.47,,osm,way,946023442
53.273029,18.949362,,osm,way,947179615
54.339192,18.653,,osm,way,948145465
51.280779,16.61491,,osm,way,948499895
50.748332,17.610435,,osm,way,948503704
51.268208,16.789462,,osm,way,948616993
51.808716,19.419704,,osm,way,949708145
53.691093,17.549189,,osm,way,949759765
49.888759,19.489826,,osm,way,950310828
52.745647,19.258519,,osm,way,951252364
51.372156,19.820242,,osm,way,951717731
49.972788,18.951979,,osm,way,951754733
52.223702,21.038252,,osm,way,951791022
50.066678,22.586352,,osm,way,951898238
53.780187,17.252462,,osm,way,951899365
54.409844,18.552761,,osm,way,951992021
54.49288,18.338214,,osm,way,952349645
54.444899,18.562822,,osm,way,953803516
50.311829,18.858937,,osm,way,953924641
54.386015,18.610079,,osm,way,953983226
50.64293,21.647234,,osm,way,954144576
54.59644,18.17701,,osm,way,954733428
54.012394,18.919572,,osm,way,955084243
52.251126,20.990829,,osm,way,955121725
50.168635,23.038698,,osm,way,955370620
54.214676,18.847465,,osm,way,955441241
52.188689,20.983021,,osm,way,955800789
49.981773,21.290899,,osm,way,955822516
52.112311,20.640193,,osm,way,955894051
52.420208,16.888326,,osm,way,956079881
53.345233,15.036288,,osm,way,957177542
52.683124,19.098343,,osm,way,957184631
54.46058,18.144129,,osm,way,957556146
53.100582,17.007328,,osm,way,957601510
54.315132,18.432695,,osm,way,958242440
52.84414,18.30304,,osm,way,958341123
50.495334,16.38925,,osm,way,958666102
50.765187,17.932488,,osm,way,959100660
53.135302,16.25961,,osm,way,959571706
50.958093,22.688175,,osm,way,959607654
54.173489,18.53747,,osm,way,960108090
52.539262,19.764529,,osm,way,961007835
54.44507,18.386396,,osm,way,961103520
50.981884,23.159347,,osm,way,961362886
51.240681,22.539362,,osm,way,961397243
52.219234,21.003772,,osm,way,961531955
52.219372,21.003781,,osm,way,961531956
50.705714,16.577256,,osm,way,961657000
50.980579,23.166187,,osm,way,962893399
52.655326,19.120253,,osm,way,963173996
50.986728,23.173221,,osm,way,963201393
54.635186,17.016995,,osm,way,963386317
52.390438,16.77451,,osm,way,963454182
50.789761,20.618866,,osm,way,963598183
54.106846,22.935109,,osm,way,964014952
50.157454,20.848487,,osm,way,964068992
50.682258,20.102686,,osm,way,964252582
50.325421,18.650286,,osm,way,964254574
50.325456,18.650501,,osm,way,964254575
52.407289,16.866544,,osm,way,964258492
52.407325,16.866116,,osm,way,964258542
54.068085,14.972509,,osm,way,964269246
50.718317,20.720433,,osm,way,964290331
54.476741,17.100441,,osm,way,964504481
51.839937,16.589511,,osm,way,965285343
53.417737,18.096709,,osm,way,965366331
53.636371,15.616254,,osm,way,965658558
53.63629,15.616524,,osm,way,965658559
52.194231,21.051795,,osm,way,965681118
51.547758,21.236552,,osm,way,966128299
52.393683,17.072257,,osm,way,966254121
49.413556,20.525259,,osm,way,966281293
49.773728,18.853738,,osm,way,966446818
53.453293,18.963842,,osm,way,966731380
52.180637,21.010649,,osm,way,966797181
51.864588,19.379138,,osm,way,967269281
50.7276,20.450123,,osm,way,967285596
52.296665,21.031084,,osm,way,967288422
52.296679,21.030867,,osm,way,967288423
49.998155,19.372823,,osm,way,967371719
51.301643,21.162055,,osm,way,967388604
52.210565,20.904347,,osm,way,967391469
51.542147,17.651687,,osm,way,967500448
52.738728,15.215866,,osm,way,967636750
50.060565,21.972089,,osm,way,967691335
50.06073,21.976108,,osm,way,967691336
52.24763,21.109138,,osm,way,967844307
52.282099,20.954502,,osm,way,967854740
52.271697,20.938814,,osm,way,967854742
52.2286,21.067067,,osm,way,967908945
52.247014,21.065586,,osm,way,967908959
52.241509,20.936709,,osm,way,967916886
52.234965,20.942994,,osm,way,967916893
52.208362,20.971236,,osm,way,967924346
50.056011,19.235946,,osm,way,968107866
52.236098,21.028683,,osm,way,968137343
52.241514,20.997393,,osm,way,968137352
52.236731,21.019737,,osm,way,968137360
52.236701,21.019506,,osm,way,968137361
52.226018,21.017025,,osm,way,968137365
52.19087,21.063062,,osm,way,968145801
52.190073,21.004636,,osm,way,968145825
52.342983,20.979474,,osm,way,968157012
50.981466,17.003178,,osm,way,968504811
50.92639,16.76128,,osm,way,968590393
53.434801,18.895753,,osm,way,968615346
50.898013,21.523305,,osm,way,968786226
50.890372,21.505216,,osm,way,968786229
52.228636,20.992003,,osm,way,968790988
52.29473,20.940733,,osm,way,968790989
52.201754,20.92381,,osm,way,968790996
52.196599,20.899037,,osm,way,968790997
52.226866,21.10282,,osm,way,968791002
52.232723,20.898756,,osm,way,968791003
52.232734,20.898606,,osm,way,968791004
52.525662,19.916427,,osm,way,969848598
49.565572,20.637957,,osm,way,970185902
50.803601,21.424506,,osm,way,970341302
50.093187,18.549936,,osm,way,970412775
50.016674,19.954283,,osm,way,970461094
50.999344,17.079742,,osm,way,970618026
52.00388,20.802538,,osm,way,971179794
51.273575,16.458893,,osm,way,971206795
53.691243,19.959369,,osm,way,971598975
49.789031,22.770418,,osm,way,971719482
50.075379,22.375321,,osm,way,972577657
50.665465,20.558778,,osm,way,972611074
50.036683,21.971681,,osm,way,972671048
53.868159,21.29232,,osm,way,972746679
53.868111,21.291913,,osm,way,972746680
53.264086,18.195651,,osm,way,973029465
52.181549,21.573104,,osm,way,973157208
51.880339,19.424757,,osm,way,973250140
50.320786,19.110972,,osm,way,973474314
51.07131,19.431224,,osm,way,973539769
54.509722,16.560546,,osm,way,973808613
50.718323,20.673356,,osm,way,974619907
50.891881,21.088371,,osm,way,975122784
52.02957,17.209888,,osm,way,975327598
52.033826,17.207954,,osm,way,975327632
49.781635,22.783118,,osm,way,975425742
50.518116,17.968621,,osm,way,975670198
52.878244,18.668061,,osm,way,975800511
49.461489,20.26814,,osm,way,977580994
50.053987,21.983821,,osm,way,977627442
53.209813,18.120772,,osm,way,977958156
52.856544,17.939716,,osm,way,978553776
52.842772,18.735764,,osm,way,979404702
50.832949,19.064938,,osm,way,979537663
50.832274,19.064655,,osm,way,979537665
50.03633,22.686835,,osm,way,979555664
51.252986,22.591383,,osm,way,979810345
53.491658,14.585899,,osm,way,979839167
51.172493,18.403103,,osm,way,980371321
52.970479,18.09935,,osm,way,980425620
52.484217,16.834019,,osm,way,980533427
52.183479,20.835117,,osm,way,980652677
53.248056,19.415206,,osm,way,980665220
50.603045,22.104789,,osm,way,981252787
54.407854,18.597039,,osm,way,981355550
53.167141,18.156524,,osm,way,982201666
52.068997,20.43264,,osm,way,982247553
51.471431,22.603617,,osm,way,982888668
52.875941,18.802722,,osm,way,984758441
49.782269,22.764668,,osm,way,984774774
52.030183,20.022383,,osm,way,985120137
52.007596,19.809866,,osm,way,985126254
51.9602,19.730861,,osm,way,985129780
51.354947,20.796907,,osm,way,985146633
51.408941,21.137688,,osm,way,985785621
52.668733,18.422862,,osm,way,986154011
50.378613,19.24847,,osm,way,986754578
53.043063,19.400788,,osm,way,987154591
54.284686,16.309914,,osm,way,987811326
50.121673,18.391383,,osm,way,988412114
51.04161,18.598472,,osm,way,988872330
50.058714,22.011647,,osm,way,988950582
50.245656,21.765638,,osm,way,988952269
52.247791,21.108813,,osm,way,989196229
50.043527,21.959455,,osm,way,989278358
50.036141,22.020046,,osm,way,989843429
53.157611,16.742742,,osm,way,990832711
50.33478,19.221616,,osm,way,990993341
50.243946,19.011132,,osm,way,991445924
53.462751,18.815309,,osm,way,991511636
53.809376,22.362343,,osm,way,992544559
50.072912,20.047316,,osm,way,993165438
50.058458,21.988004,,osm,way,993441886
49.723558,19.870771,,osm,way,993465226
50.266474,19.009052,,osm,way,993734648
52.875271,15.533761,,osm,way,993814390
53.379838,18.593171,,osm,way,995030572
52.465766,18.88119,,osm,way,995069558
50.251373,18.909332,,osm,way,995174167
51.796566,19.600706,,osm,way,995271286
50.781133,16.251568,,osm,way,995322094
54.125639,17.528405,,osm,way,995492459
53.955775,18.917889,,osm,way,995918294
50.312475,19.132031,,osm,way,995932146
50.207372,18.960573,,osm,way,995940553
50.207614,18.961313,,osm,way,995940554
50.743131,16.288911,,osm,way,996461378
50.744351,16.283123,,osm,way,996461388
51.739009,19.414764,,osm,way,996735535
52.310209,20.992533,,osm,way,997095878
53.5346,20.362349,,osm,way,997664406
50.294645,21.442039,,osm,way,997697845
51.804307,19.363909,,osm,way,997819670
50.783223,18.960636,,osm,way,997931422
52.265509,20.953014,,osm,way,998118715
49.761703,19.0777,,osm,way,998226766
53.353494,14.579485,,osm,way,998662348
51.816083,19.488766,,osm,way,999250137
54.005928,21.740608,,osm,way,999990990
53.137805,23.155487,,osm,way,1000273127
50.356903,18.128368,,osm,way,1000293884
51.192595,15.694242,,osm,way,1000443867
53.746784,18.947736,,osm,way,1000483236
51.225823,22.489433,,osm,way,1000644482
51.102058,17.044635,,osm,way,1000784815
50.804985,20.452026,,osm,way,1001005060
50.848329,20.624611,,osm,way,1001375133
49.527705,19.671612,,osm,way,1001395819
51.738994,19.610718,,osm,way,1001503826
50.015219,20.98071,,osm,way,1002144265
50.096158,22.565883,,osm,way,1002357105
50.32335,19.005468,,osm,way,1002365025
50.315948,19.224725,,osm,way,1002366732
50.007882,20.920217,,osm,way,1002417520
50.008056,20.91974,,osm,way,1002417521
50.326063,19.005949,,osm,way,1002820632
50.326061,19.006194,,osm,way,1002820633
51.396418,19.691766,,osm,way,1003487267
50.325456,19.009715,,osm,way,1003627466
50.321264,19.010081,,osm,way,1003627472
53.962028,18.499003,,osm,way,1003723195
51.405271,19.709708,,osm,way,1004512643
52.226632,21.005638,,osm,way,1004754635
52.006189,16.298612,,osm,way,1004930585
52.626711,18.523336,,osm,way,1005058182
52.080702,20.162815,,osm,way,1005190795
51.668211,19.777876,,osm,way,1005248714
54.325364,18.19521,,osm,way,1005263279
54.325564,18.195211,,osm,way,1005263280
54.325739,18.195207,,osm,way,1005263281
53.534023,14.876904,,osm,way,1005664847
50.280783,18.967181,,osm,way,1005693114
49.660112,19.108486,,osm,way,1005832240
52.133223,20.710089,,osm,way,1006265647
52.133888,20.711241,,osm,way,1006265648
51.105752,17.114069,,osm,way,1006281448
52.738842,15.222476,,osm,way,1006537225
51.294039,22.893006,"boisko do koszykówki",osm,way,1006791794
52.097785,20.808812,,osm,way,1006822847
49.893632,21.04943,,osm,way,1006935563
50.565015,21.159551,,osm,way,1006935564
50.906324,20.665601,,osm,way,1006935565
50.056459,19.979236,,osm,way,1006936104
50.056343,19.979361,,osm,way,1006936105
50.075371,20.02362,,osm,way,1006936106
50.26699,18.893021,,osm,way,1006937229
51.990908,18.608268,,osm,way,1006937771
50.839607,19.136343,,osm,way,1006937772
50.836431,19.129256,,osm,way,1006937773
52.819227,19.593016,,osm,way,1006938216
52.819153,19.593494,,osm,way,1006938217
53.140128,18.034715,,osm,way,1006938839
52.390851,16.941355,,osm,way,1006943982
52.38615,16.978687,,osm,way,1006943983
51.838512,16.578493,,osm,way,1006944157
51.835203,16.576579,,osm,way,1006944438
52.63092,15.589958,,osm,way,1006947630
51.123166,16.964851,,osm,way,1006948705
50.545355,16.543659,,osm,way,1006950513
50.08666,18.199496,,osm,way,1006954400
52.784169,18.713541,,osm,way,1007065789
50.322019,19.204863,,osm,way,1007113371
54.32195,18.344542,,osm,way,1007206581
51.141481,17.029357,,osm,way,1007412125
52.155987,22.242262,,osm,way,1007589505
51.126503,16.964445,,osm,way,1008629013
50.324255,19.179659,,osm,way,1008980839
51.147474,17.026073,,osm,way,1009288649
53.06848,19.396389,,osm,way,1009872245
50.822688,20.623937,,osm,way,1010705169
53.019087,18.619767,,osm,way,1011045324
53.025171,18.648289,,osm,way,1011445493
50.465428,19.654638,,osm,way,1011902592
51.762783,19.478397,,osm,way,1012028951
51.763074,19.477738,,osm,way,1012028953
52.549601,19.680827,,osm,way,1012127076
51.796361,19.458114,,osm,way,1012132473
51.796153,19.461868,,osm,way,1012132476
54.178523,17.489786,,osm,way,1012584298
53.127454,17.862448,,osm,way,1012702844
50.717254,23.361822,,osm,way,1012892006
50.003716,20.954161,,osm,way,1012916650
50.34553,18.216767,,osm,way,1013370264
53.027121,18.676852,,osm,way,1013388602
50.023949,20.986759,,osm,way,1013405437
52.633633,20.371091,,osm,way,1013991733
54.095076,17.57175,,osm,way,1014177364
52.183159,20.801507,,osm,way,1014461805
52.73744,19.980302,,osm,way,1014601037
50.890728,20.618169,,osm,way,1014909595
52.200515,20.901579,,osm,way,1014950584
52.396094,22.956016,,osm,way,1015329989
50.267882,19.575574,,osm,way,1015408680
52.258603,21.059922,,osm,way,1016235505
52.520928,17.667495,,osm,way,1016653016
53.035222,18.670381,,osm,way,1016676412
49.994136,20.94514,,osm,way,1016952774
49.718623,18.819689,,osm,way,1016959019
54.615171,18.179247,,osm,way,1017015642
51.800825,19.761141,,osm,way,1017109573
50.885732,20.639481,,osm,way,1017259122
50.037539,18.793862,,osm,way,1017357894
50.265177,18.895871,,osm,way,1017441411
53.422235,16.81048,,osm,way,1017590591
51.280829,22.541013,,osm,way,1017655303
52.785771,18.950724,,osm,way,1018527488
52.785706,18.950452,,osm,way,1018527489
50.291308,18.653171,,osm,way,1018534804
54.112366,19.490922,,osm,way,1018555339
51.361121,21.579599,,osm,way,1018607953
54.110174,19.506764,,osm,way,1018792032
50.365989,19.188501,,osm,way,1018885283
50.142996,18.637001,,osm,way,1019074097
53.6086,14.907681,,osm,way,1019227436
50.049313,21.978015,,osm,way,1019693589
52.880058,20.603151,,osm,way,1019717531
54.207886,16.199962,,osm,way,1019800131
52.876553,20.602972,,osm,way,1020360789
51.746093,16.03314,,osm,way,1020486389
51.729792,15.830376,,osm,way,1020530735
52.901332,19.524877,,osm,way,1020919482
50.805386,20.997969,,osm,way,1021105656
52.759675,15.248823,,osm,way,1021238561
53.780053,20.498288,,osm,way,1021284078
50.280965,18.856576,,osm,way,1021648747
51.840542,16.57759,,osm,way,1021654068
50.139401,18.624281,,osm,way,1021752985
52.495113,20.865955,,osm,way,1022304506
49.946263,18.594094,,osm,way,1023071950
49.944668,18.594866,,osm,way,1023071953
49.949093,18.617144,,osm,way,1023072756
53.844302,18.528732,,osm,way,1023340680
50.891365,20.643085,,osm,way,1023542927
50.891124,20.64287,,osm,way,1023542928
53.862755,17.50256,,osm,way,1023656816
54.013939,21.734039,,osm,way,1024218393
49.639216,20.93535,,osm,way,1024277230
50.376051,18.949845,,osm,way,1024305939
53.916347,15.196929,,osm,way,1024967316
51.802126,16.30654,,osm,way,1025287655
50.347125,19.212772,,osm,way,1025617493
54.485983,16.960237,,osm,way,1025629467
50.272134,18.879092,,osm,way,1025641830
51.253333,22.545663,,osm,way,1026798178
52.684624,21.119126,,osm,way,1026817514
51.694107,17.426466,,osm,way,1026868508
50.207932,17.785682,,osm,way,1027069898
50.373979,19.234866,,osm,way,1027119020
50.01477,20.890873,,osm,way,1027204780
50.920875,16.104258,,osm,way,1028102690
51.561857,21.855686,,osm,way,1028108245
50.094338,18.525707,,osm,way,1028372588
52.911478,17.886419,,osm,way,1028421762
50.099527,19.311191,,osm,way,1028465167
52.220899,21.165208,,osm,way,1028496018
53.376228,14.652488,,osm,way,1028602657
51.9512,16.154115,,osm,way,1028782237
52.311157,19.083175,,osm,way,1028868968
51.656626,19.330574,,osm,way,1028901997
51.220892,22.513926,,osm,way,1028996677
52.218228,21.034164,,osm,way,1029436114
52.218247,21.03444,,osm,way,1029436115
52.128051,21.056055,,osm,way,1030428578
49.802534,19.037444,,osm,way,1030913212
54.553967,17.06401,,osm,way,1031044243
50.053107,18.511992,,osm,way,1031147499
52.52688,21.700439,,osm,way,1031818680
51.726582,21.228665,,osm,way,1032942414
50.213781,19.248944,,osm,way,1033000800
50.048374,19.870603,,osm,way,1033010649
51.406008,19.365736,"Boisko do gry w koszykówkę",osm,way,1033321485
50.23652,19.282206,,osm,way,1033332577
51.718941,19.481962,,osm,way,1033344206
50.060722,18.598543,,osm,way,1033348981
50.060652,18.598803,,osm,way,1033348982
50.056201,18.626988,,osm,way,1033518528
51.813665,21.34174,,osm,way,1033582310
50.096181,18.98592,,osm,way,1033652134
50.321898,19.121037,,osm,way,1033678085
51.041699,16.738036,,osm,way,1033728974
50.091222,19.001956,,osm,way,1033814641
53.694747,19.937843,"Orlik",osm,way,1034178127
50.321141,17.570979,,osm,way,1034613920
51.535646,21.743944,,osm,way,1035372182
50.65337,23.898668,,osm,way,1035817150
51.047988,23.891439,,osm,way,1035829713
50.312893,19.126612,,osm,way,1036220797
50.75225,23.901805,,osm,way,1036302581
50.799336,23.891313,,osm,way,1036347002
50.682804,16.613858,,osm,way,1036349469
50.682613,16.614042,,osm,way,1036349470
54.006656,16.983378,,osm,way,1036380361
49.610626,20.703254,,osm,way,1036403259
50.811878,23.883936,,osm,way,1036618731
50.811712,23.884042,,osm,way,1036618732
52.903766,16.589798,,osm,way,1036676354
52.193213,20.985543,,osm,way,1036879477
50.070047,18.499964,,osm,way,1037177294
50.528502,22.71908,,osm,way,1037699205
52.658503,19.078923,,osm,way,1038942337
50.340085,18.928772,,osm,way,1039825303
50.299755,18.827852,,osm,way,1039904341
50.014005,18.577447,,osm,way,1040045815
53.864064,21.30196,,osm,way,1041406149
53.864244,21.301878,,osm,way,1041406151
51.226243,15.354727,,osm,way,1041585436
50.097908,18.727491,,osm,way,1041754354
51.702959,17.980787,,osm,way,1041900504
50.099806,18.986185,,osm,way,1041989730
50.098694,18.986373,,osm,way,1041989732
50.097541,18.986904,,osm,way,1041989734
51.213704,15.396946,,osm,way,1042642092
51.097268,22.585771,,osm,way,1042668599
52.233966,20.961613,,osm,way,1043264156
53.854647,16.866909,,osm,way,1043479000
52.243734,18.087104,,osm,way,1043555258
50.171044,18.702907,,osm,way,1043568989
51.134716,22.845002,,osm,way,1044322117
52.278171,16.701734,,osm,way,1044451165
50.227449,19.237961,,osm,way,1046122100
52.23873,21.190389,,osm,way,1046683565
50.059999,18.412767,,osm,way,1046764384
52.410773,22.254828,,osm,way,1046868638
53.346517,14.748878,,osm,way,1046941518
53.350343,14.743648,,osm,way,1046941550
53.290343,18.686326,,osm,way,1046955397
50.246263,18.847195,,osm,way,1047387239
51.338167,16.814567,,osm,way,1047592091
50.043306,18.410089,,osm,way,1048878238
51.487701,18.324895,,osm,way,1049234442
52.260992,21.035689,,osm,way,1049456636
52.261123,21.035529,,osm,way,1049456637
52.387362,18.497384,,osm,way,1049660741
53.827506,22.352112,,osm,way,1049738161
54.312267,16.208819,,osm,way,1050502552
50.448916,18.825116,,osm,way,1050559965
50.09992,18.817603,,osm,way,1050768919
50.28875,18.731745,,osm,way,1050839102
50.289035,18.731805,,osm,way,1050839104
50.138359,19.124078,,osm,way,1050858486
54.285453,16.214453,,osm,way,1050861212
50.498291,18.008541,,osm,way,1051092091
50.692377,17.382447,,osm,way,1052536806
50.297988,21.437289,,osm,way,1052629616
50.354928,18.905826,,osm,way,1052689698
53.144358,17.599503,,osm,way,1053334257
50.354554,17.865953,,osm,way,1053778105
52.133619,21.232969,,osm,way,1053899507
50.245099,19.253897,,osm,way,1054021874
51.789378,23.20619,,osm,way,1054531303
50.787886,17.48868,,osm,way,1055188090
52.109764,20.653668,,osm,way,1056283199
50.318884,19.181575,,osm,way,1056460135
54.108414,18.730295,,osm,way,1056710449
50.026734,19.909104,,osm,way,1057905558
50.026501,19.909017,,osm,way,1057905559
50.022885,19.944189,,osm,way,1057994324
50.02841,19.927985,,osm,way,1057994328
52.587924,16.634473,,osm,way,1059225329
52.119219,20.859361,,osm,way,1059622832
51.086745,17.039138,,osm,way,1060892786
50.196724,18.316798,,osm,way,1061154110
50.283163,19.138935,,osm,way,1061193860
50.283082,19.138838,,osm,way,1061193861
50.027513,22.018733,,osm,way,1061303345
51.410613,19.689431,,osm,way,1061404005
50.163578,18.31163,,osm,way,1061895582
50.024224,22.01895,,osm,way,1062039663
50.024758,22.021044,,osm,way,1062190250
51.752405,19.417154,,osm,way,1062354890
53.233556,19.331227,,osm,way,1063044810
51.537837,20.136438,,osm,way,1063429733
49.975067,20.063347,,osm,way,1064002128
51.470581,16.607104,,osm,way,1064002674
52.709901,16.401798,,osm,way,1064810621
51.120332,17.129095,,osm,way,1065604221
50.794339,15.830913,,osm,way,1066246766
54.431608,18.58013,,osm,way,1066522767
53.293253,20.766961,,osm,way,1066771020
50.487878,17.598555,,osm,way,1067710079
53.040434,16.459911,,osm,way,1069072408
51.815289,19.498184,,osm,way,1069175316
50.450399,21.354657,,osm,way,1069570021
50.020987,22.024022,,osm,way,1069852872
52.626646,18.715718,,osm,way,1070001899
53.308302,19.321715,,osm,way,1070026755
53.35718,21.428346,,osm,way,1070394644
49.808489,19.026788,,osm,way,1070395065
53.385638,18.734092,,osm,way,1070552802
54.410266,18.593433,,osm,way,1071112136
51.362328,20.713743,,osm,way,1071250088
50.486685,19.342783,,osm,way,1071262396
53.445099,14.56071,,osm,way,1071286629
53.778012,20.494871,,osm,way,1071359952
52.734979,20.717303,,osm,way,1071851075
49.949241,18.600833,,osm,way,1071907845
50.069785,19.912755,,osm,way,1072012484
53.384806,19.246775,,osm,way,1072317843
49.612874,21.760168,,osm,way,1072804971
50.924758,21.369346,,osm,way,1073068884
52.151935,21.045056,,osm,way,1073078732
54.267313,16.083007,,osm,way,1073482704
54.402073,18.605229,,osm,way,1073641860
51.10958,17.02791,,osm,way,1074595741
52.219927,20.89917,,osm,way,1075072972
50.32733,18.649011,,osm,way,1075265290
49.991519,18.714536,,osm,way,1075277470
52.080532,21.200905,,osm,way,1075584994
50.935429,20.675687,,osm,way,1075815998
50.963091,20.695488,,osm,way,1075816265
50.013507,18.125096,,osm,way,1076080893
49.948726,18.576297,,osm,way,1076547769
51.570158,21.829179,,osm,way,1076579011
50.142221,19.268749,,osm,way,1076612213
53.525076,15.899039,,osm,way,1076654656
53.279321,19.324429,,osm,way,1076703569
50.033725,19.994709,,osm,way,1076820091
53.540969,19.133025,,osm,way,1076922110
53.287623,19.274773,,osm,way,1076977446
53.207528,18.946275,,osm,way,1076982087
53.232125,18.822361,,osm,way,1076988632
53.303074,20.287279,,osm,way,1077119198
53.000602,18.892695,,osm,way,1077127725
53.000938,18.892962,,osm,way,1077127729
54.551401,18.550781,,osm,way,1077221328
50.728389,17.655656,,osm,way,1077423793
50.312591,22.963858,,osm,way,1077615986
52.295091,21.038175,,osm,way,1077771941
52.253292,22.093496,,osm,way,1077921451
50.02668,22.007562,,osm,way,1077952546
54.538124,16.819823,,osm,way,1078202568
50.064822,19.901051,,osm,way,1078311130
50.057283,18.196107,,osm,way,1078319752
50.473949,17.329098,,osm,way,1078871197
50.473962,17.328887,,osm,way,1078871198
54.26921,19.472079,,osm,way,1079035828
51.576814,21.839426,,osm,way,1079037040
50.307711,19.578429,,osm,way,1079277295
52.239036,20.919625,,osm,way,1079432221
51.845048,18.097692,,osm,way,1079938736
52.298191,21.040088,,osm,way,1080090884
50.754428,17.614399,,osm,way,1080185793
54.408041,18.627659,,osm,way,1080428627
50.407564,17.896027,,osm,way,1080654539
49.982423,18.274508,,osm,way,1080883158
51.452714,22.615084,,osm,way,1080967363
54.394639,18.589702,,osm,way,1081078319
50.088296,19.906013,,osm,way,1081204359
52.191359,20.202783,,osm,way,1081238359
52.919105,20.968366,,osm,way,1081536334
52.279851,20.950943,,osm,way,1082655536
50.08463,20.026032,,osm,way,1082971071
50.086869,20.024375,,osm,way,1082971073
51.835552,18.39922,,osm,way,1083040894
54.344542,18.101429,,osm,way,1083145934
50.458945,17.857432,,osm,way,1083396995
53.377811,19.374171,,osm,way,1083490483
54.766275,17.58185,,osm,way,1083716362
52.855215,17.943173,,osm,way,1083772207
50.684091,20.436785,,osm,way,1084076987
52.576706,15.668113,,osm,way,1084250948
51.84312,14.803457,,osm,way,1084393099
50.730882,20.572074,,osm,way,1084653062
51.047196,23.038123,,osm,way,1085300706
49.81528,19.22019,,osm,way,1086342077
50.082014,20.028414,,osm,way,1086613265
50.797691,20.573782,,osm,way,1087000660
50.02534,22.008094,,osm,way,1087145758
50.388786,19.313526,,osm,way,1088157763
54.344564,18.64329,,osm,way,1088322913
50.051917,21.617988,,osm,way,1088640028
50.586908,20.955135,,osm,way,1088775486
50.603512,20.840712,,osm,way,1088782379
50.069704,19.907877,,osm,way,1089663255
53.810133,15.277855,,osm,way,1089807039
52.483786,18.343021,,osm,way,1089905381
52.090145,21.112939,,osm,way,1090204950
53.776728,20.497886,,osm,way,1090232571
53.027226,18.667985,,osm,way,1090249419
50.025868,22.010005,,osm,way,1090314298
50.025708,22.010015,,osm,way,1090314299
53.028529,18.653439,,osm,way,1090475347
53.318145,19.181944,,osm,way,1090577039
50.025535,22.013348,,osm,way,1090939694
50.024827,22.013161,,osm,way,1090943411
53.399912,19.828693,,osm,way,1090985076
51.05355,16.908224,,osm,way,1091031069
51.064356,16.911275,,osm,way,1091114263
54.381134,19.828627,,osm,way,1091236765
53.241778,19.390245,,osm,way,1091286634
50.729666,16.655874,,osm,way,1091334168
52.203879,18.632642,,osm,way,1091349176
51.232225,17.592572,,osm,way,1091505233
53.673266,14.833442,,osm,way,1091527808
54.311524,16.202788,,osm,way,1092087282
52.086276,22.441789,,osm,way,1092174367
50.263868,18.858473,,osm,way,1092480748
51.114997,17.062884,,osm,way,1092867688
50.021921,22.008656,,osm,way,1093449439
50.090672,20.009676,,osm,way,1093736201
49.961797,18.70032,,osm,way,1094997680
49.962519,18.70608,,osm,way,1095004433
52.49394,20.699842,,osm,way,1095122256
52.223581,21.011792,,osm,way,1095229667
54.355876,18.492032,,osm,way,1095375062
52.444952,15.642112,,osm,way,1095483285
51.194539,20.43057,,osm,way,1095940077
54.386409,16.324225,,osm,way,1096065975
54.581965,16.875111,,osm,way,1096411918
54.825795,18.341874,,osm,way,1097683807
50.850868,16.500347,,osm,way,1097799910
53.169554,19.384657,,osm,way,1097806949
50.873252,18.220306,,osm,way,1098555432
50.291595,18.948628,,osm,way,1098665200
51.470569,20.559128,,osm,way,1099348104
53.596677,14.861591,,osm,way,1099897439
53.439083,14.551951,,osm,way,1100647710
53.522459,14.945007,,osm,way,1100675121
53.029665,18.680152,,osm,way,1100929708
53.12534,23.085672,,osm,way,1101332914
50.862989,20.623668,,osm,way,1102087293
51.265328,22.544767,,osm,way,1102383672
52.104914,20.631356,,osm,way,1102974552
54.527422,18.492384,,osm,way,1103288562
52.298609,21.036952,,osm,way,1103298428
54.821278,18.172932,,osm,way,1104015445
54.237125,18.200565,,osm,way,1104925684
51.495883,21.628119,,osm,way,1105478724
49.914301,20.465314,,osm,way,1105834656
50.883831,20.58228,,osm,way,1105838219
49.913725,18.758653,,osm,way,1105992153
51.622273,15.150579,"boisko do koszykówki",osm,way,1106008243
51.186692,21.10601,,osm,way,1106279083
53.0231,18.644332,,osm,way,1106433182
49.961589,20.8377,,osm,way,1106449804
51.252905,22.48856,,osm,way,1106634524
50.747517,19.178359,,osm,way,1107094149
54.531037,18.501573,,osm,way,1107577215
54.095612,18.766826,,osm,way,1108272026
52.450404,16.721151,,osm,way,1109086989
52.552284,16.673302,,osm,way,1109107516
50.054017,21.686726,,osm,way,1109139684
51.942746,15.495512,,osm,way,1109719139
53.682191,17.637667,,osm,way,1110108092
51.260608,15.568205,,osm,way,1110207289
53.588177,17.867071,,osm,way,1110812002
53.703717,17.682983,,osm,way,1110812665
50.705236,21.053619,,osm,way,1111723016
54.35938,18.572433,,osm,way,1111779887
49.663681,19.104351,,osm,way,1112562396
53.209249,18.71215,,osm,way,1112566422
50.002702,20.428801,,osm,way,1112600288
50.276667,18.829489,,osm,way,1113044271
51.793333,19.586732,,osm,way,1113337046
52.266945,21.016914,,osm,way,1113468229
52.266689,21.016806,,osm,way,1113468230
50.876865,17.703327,,osm,way,1113724060
51.812773,19.361205,,osm,way,1116026577
50.244053,22.320989,,osm,way,1116142568
53.629753,17.737411,,osm,way,1116429702
54.17862,17.358693,,osm,way,1117090630
52.5127,16.259542,,osm,way,1117217990
52.446992,15.585608,,osm,way,1118314145
51.573209,21.77721,,osm,way,1118632564
51.870865,16.048454,,osm,way,1118667596
53.133779,17.546883,,osm,way,1119169191
52.464322,16.793516,,osm,way,1119244625
52.340693,20.993702,,osm,way,1119259489
53.651121,17.700052,,osm,way,1119470500
54.328668,18.622377,,osm,way,1119496058
51.477899,15.39103,,osm,way,1119635558
52.273616,20.957387,,osm,way,1119963696
49.919118,19.060056,,osm,way,1120968121
49.837095,18.780231,,osm,way,1121061816
52.275284,20.985612,,osm,way,1121071752
50.679066,16.58949,,osm,way,1121513901
50.679162,16.589457,,osm,way,1121513902
50.679263,16.589422,,osm,way,1121513903
52.384267,16.814183,,osm,way,1121722596
52.351555,14.565134,,osm,way,1122162875
52.352408,14.635323,,osm,way,1122162888
50.23476,21.756774,,osm,way,1122508046
50.238474,21.761429,,osm,way,1122513155
50.331221,22.570067,,osm,way,1122690386
49.794615,18.805812,,osm,way,1122742998
52.838532,23.758331,,osm,way,1122956446
51.150403,17.127785,,osm,way,1122959103
54.336913,19.873351,,osm,way,1123188039
49.795923,18.764022,,osm,way,1123718990
53.210955,23.015181,,osm,way,1124100759
50.548856,20.200997,,osm,way,1124140713
49.779015,18.805396,,osm,way,1124785267
54.508664,16.469896,,osm,way,1125200686
51.593568,18.717274,,osm,way,1125234944
50.104121,21.588739,,osm,way,1125588410
51.261773,22.566737,,osm,way,1125635440
51.997852,16.847355,,osm,way,1125729678
50.695527,18.287533,,osm,way,1126203793
52.465551,16.639843,,osm,way,1126382145
50.019179,19.974168,,osm,way,1126726861
51.638746,16.154366,,osm,way,1126843202
50.771326,15.74437,,osm,way,1127495873
49.881731,22.493353,,osm,way,1127840955
51.031006,16.744929,,osm,way,1128053509
51.0282,16.75653,,osm,way,1128063529
50.471413,17.172122,,osm,way,1128099072
51.413735,16.456254,,osm,way,1128125396
51.382853,16.215635,,osm,way,1128265500
53.732208,18.944873,,osm,way,1129420701
52.66915,17.939273,,osm,way,1130974541
54.120818,17.96788,,osm,way,1131533180
54.360858,18.597039,,osm,way,1131823513
51.215157,22.543832,,osm,way,1132126063
50.806701,16.278905,,osm,way,1132232134
50.573171,19.306566,,osm,way,1132285154
52.406754,16.855324,,osm,way,1132353945
51.786642,16.107331,,osm,way,1133444746
50.676522,17.883354,,osm,way,1134436130
52.168455,22.263527,,osm,way,1134537113
49.784625,22.712455,,osm,way,1134558444
49.950499,19.973998,,osm,way,1134702759
53.160549,22.747358,,osm,way,1135187951
54.388844,18.625933,,osm,way,1135284733
52.409942,16.869864,,osm,way,1135329174
51.462028,22.064338,,osm,way,1135423612
51.976277,17.509184,,osm,way,1135879876
49.973094,19.833596,,osm,way,1135906732
52.216,20.967271,,osm,way,1136298259
50.822235,19.135431,,osm,way,1136822365
50.034852,21.970138,,osm,way,1137177810
50.492434,17.301521,,osm,way,1137370057
52.330783,16.541746,,osm,way,1137592341
50.674947,17.940697,,osm,way,1137839517
52.15867,15.838879,,osm,way,1138021668
51.069218,20.972994,,osm,way,1141336657
50.301372,16.636514,,osm,way,1141581019
50.87979,20.609499,,osm,way,1142179880
50.879441,20.611534,,osm,way,1142184382
54.605765,18.258341,,osm,way,1143398572
52.168072,21.085571,,osm,way,1144396724
54.207041,16.182343,,osm,way,1144545587
54.614717,18.186287,,osm,way,1144856531
52.176821,22.170663,,osm,way,1145687424
50.171308,18.902749,,osm,way,1145847350
49.529262,20.653717,,osm,way,1146050862
52.451924,16.99793,,osm,way,1147120012
52.456407,16.915602,,osm,way,1147339650
52.468756,16.951369,,osm,way,1147352182
52.258207,20.927064,,osm,way,1147959700
52.420203,20.729967,,osm,way,1148024759
53.982289,18.503386,,osm,way,1148147398
50.267604,20.483796,,osm,way,1148371665
53.351646,18.437074,,osm,way,1149692037
53.348909,18.418878,,osm,way,1149701319
50.130547,18.748985,,osm,way,1149977407
52.111392,20.636395,,osm,way,1149985845
52.407129,17.099446,,osm,way,1150244535
52.031387,23.155159,,osm,way,1150436196
50.1654,22.200737,,osm,way,1150893561
50.245058,21.776829,,osm,way,1150977150
51.263212,22.542639,,osm,way,1151095397
52.462614,22.834481,,osm,way,1151494779
50.083594,19.882331,,osm,way,1153118697
53.129942,17.929003,,osm,way,1153223464
53.888591,15.70388,,osm,way,1153618761
50.259436,21.67273,,osm,way,1154304899
52.693498,17.061671,,osm,way,1154692699
53.812862,15.283691,,osm,way,1155013664
50.01913,20.970867,,osm,way,1155016577
51.926442,15.502421,,osm,way,1155217810
53.776913,15.824813,,osm,way,1155721679
51.988816,15.411127,,osm,way,1155904369
50.770244,16.277985,,osm,way,1156591329
52.639166,19.991694,,osm,way,1156625703
51.994694,21.100829,,osm,way,1157661719
51.777952,15.546224,,osm,way,1158027844
52.342198,14.848292,,osm,way,1158272836
50.040387,22.046902,,osm,way,1158776199
50.008189,22.018868,,osm,way,1158776200
52.200065,20.953174,,osm,way,1159116957
52.201065,20.954104,,osm,way,1159116962
52.046518,20.930753,,osm,way,1159258564
52.876879,18.699454,,osm,way,1159377839
52.093785,21.05873,,osm,way,1160895093
50.293524,18.6781,,osm,way,1160912572
50.711783,20.664407,,osm,way,1161293192
49.871557,22.769579,,osm,way,1161396882
51.789208,19.446897,,osm,way,1162416851
50.32155,18.867534,,osm,way,1163418412
50.078311,19.621724,,osm,way,1163971723
52.437117,17.782991,,osm,way,1164240094
51.780588,19.534694,,osm,way,1165946989
52.407876,22.228316,,osm,way,1167760185
53.358305,20.427662,,osm,way,1167993464
53.367083,20.431168,,osm,way,1167993483
50.284115,18.953975,,osm,way,1168266687
49.845929,19.138845,,osm,way,1168491037
54.190161,19.729874,,osm,way,1168528353
51.952136,17.68402,,osm,way,1169369540
50.318151,19.062135,"Orlik 2012",osm,way,1169384612
52.379865,18.301413,,osm,way,1170350819
52.238139,21.023997,,osm,way,1171531514
50.195662,17.826041,,osm,way,1172055013
54.001776,16.970797,,osm,way,1172105709
50.517329,17.356491,,osm,way,1172612799
49.906568,20.339996,,osm,way,1173917718
50.769464,20.630698,,osm,way,1174007651
52.231715,15.247947,,osm,way,1174226614
52.080588,15.616333,,osm,way,1174243760
52.080418,15.616231,,osm,way,1174243761
52.0808,15.61764,,osm,way,1174243763
52.893097,16.996222,,osm,way,1174325918
52.888779,16.980147,,osm,way,1174353142
54.548699,18.445429,,osm,way,1174584380
50.441013,18.845708,,osm,way,1174631485
50.441206,18.845736,,osm,way,1174631486
54.37768,18.502484,,osm,way,1174783247
52.899417,17.005962,,osm,way,1174822546
51.956109,15.624118,,osm,way,1174839169
51.109457,15.587434,,osm,way,1175031191
52.178642,21.560423,,osm,way,1175160672
52.411123,21.203339,,osm,way,1175427215
50.148492,18.55979,,osm,way,1175903671
50.31338,18.882942,,osm,way,1176345650
52.18433,21.057913,,osm,way,1176897145
50.673232,19.373198,,osm,way,1177256805
53.064633,19.917127,,osm,way,1177274712
51.018174,23.189246,,osm,way,1177918464
51.01851,23.189429,,osm,way,1177918465
51.018741,23.189731,,osm,way,1177918466
54.172784,17.492808,,osm,way,1178296081
53.143471,16.757351,,osm,way,1178649900
53.145851,16.745399,,osm,way,1178649915
53.145576,16.744924,,osm,way,1178649916
52.185116,21.573152,,osm,way,1180082850
53.153782,16.783514,,osm,way,1180283530
51.748694,18.083484,,osm,way,1180296637
50.268383,18.884598,,osm,way,1180303677
54.424197,18.587994,,osm,way,1180485256
53.149639,16.736087,,osm,way,1180531190
53.15498,16.746669,,osm,way,1180531205
53.708691,16.706065,,osm,way,1180669599
50.886943,21.853211,,osm,way,1180752348
52.77659,16.597641,,osm,way,1181147194
52.882802,16.59149,,osm,way,1181147294
49.542682,20.577,,osm,way,1181207135
50.20386,22.06831,,osm,way,1181738320
50.712921,19.441859,,osm,way,1181974008
52.1118,16.106129,,osm,way,1182087803
52.117677,16.125216,,osm,way,1182087853
52.053145,20.468632,,osm,way,1182222519
51.151134,16.92941,,osm,way,1182648075
54.184146,16.224075,,osm,way,1182793128
50.789553,20.827451,,osm,way,1183522582
51.303783,20.29444,,osm,way,1184668064
52.186875,21.659671,,osm,way,1184982474
50.146615,19.374241,,osm,way,1185488972
54.218104,16.278251,,osm,way,1185535293
50.237987,19.110624,,osm,way,1185932234
54.293052,22.297791,,osm,way,1186024555
52.384603,16.920021,,osm,way,1186315442
54.464997,16.990348,"Boisko do koszykówki - Parki im. Witkacego",osm,way,1186794642
53.4611,15.937097,,osm,way,1186919654
51.799092,19.39583,,osm,way,1186976973
50.678161,21.04035,,osm,way,1187323183
50.280502,18.807976,,osm,way,1187549700
54.462589,16.982785,,osm,way,1187576379
54.45719,16.995893,,osm,way,1187707429
54.417665,18.580127,,osm,way,1187896129
50.299181,22.220591,,osm,way,1188166974
53.960911,14.651682,,osm,way,1188187771
50.321193,19.461182,,osm,way,1188281453
51.121389,20.0816,,osm,way,1188342484
50.03319,19.564364,,osm,way,1188464160
50.329372,18.774305,,osm,way,1188806762
52.735566,14.699039,,osm,way,1189167573
50.01932,20.060983,,osm,way,1189298350
50.850071,16.463412,,osm,way,1190978103
50.448231,20.585341,,osm,way,1191383393
50.274232,18.887727,,osm,way,1192067489
50.883038,20.71754,,osm,way,1192143539
50.166384,20.978054,,osm,way,1193529727
51.100826,17.047543,,osm,way,1194480042
54.495182,18.549419,,osm,way,1194528402
50.028167,19.852725,,osm,way,1195096019
50.043506,19.816024,,osm,way,1195096291
54.071619,18.443838,,osm,way,1195099643
54.24675,22.039657,,osm,way,1195194420
51.996304,15.553171,,osm,way,1196015621
51.892203,15.567987,,osm,way,1196022926
52.371235,16.808402,,osm,way,1196300422
51.690101,20.718514,,osm,way,1196441415
50.703891,20.679068,,osm,way,1196831917
51.098121,17.011745,,osm,way,1196906293
54.580304,16.867734,,osm,way,1196915897
50.090671,21.993358,,osm,way,1197649534
50.243914,21.759561,,osm,way,1197827723
51.659502,19.495519,,osm,way,1198077305
54.020811,21.81654,,osm,way,1198265471
52.866549,18.696973,,osm,way,1198293916
52.026806,21.03205,,osm,way,1199997321
53.535108,16.007483,,osm,way,1200928113
53.641012,20.761309,,osm,way,1201138652
53.532801,16.022148,,osm,way,1201184776
54.265602,18.652499,,osm,way,1201222064
52.192722,21.008799,,osm,way,1201249337
50.617882,21.931394,,osm,way,1201448437
54.354299,18.579616,,osm,way,1201567732
50.959272,20.580066,,osm,way,1201603972
50.965271,20.587109,,osm,way,1201603980
54.600983,18.423339,,osm,way,1201786506
51.844184,22.692666,,osm,way,1202013678
53.202637,22.100018,,osm,way,1202042742
53.973453,20.749396,,osm,way,1202054994
54.458186,16.997167,,osm,way,1202262350
49.733438,18.629085,,osm,way,1202302858
51.332186,22.719227,,osm,way,1202333368
52.19258,20.965789,,osm,way,1202368736
50.380043,20.013199,,osm,way,1202559235
54.423482,18.596312,,osm,way,1202939081
53.109443,21.867607,,osm,way,1203283363
50.65747,22.128778,,osm,way,1203784946
52.167618,20.99443,,osm,way,1204515343
54.462409,17.001882,,osm,way,1205072143
54.498738,18.514384,,osm,way,1205095495
54.463412,16.996106,,osm,way,1205296462
54.496849,18.505297,,osm,way,1205364639
51.114086,16.994531,,osm,way,1205531684
50.134045,19.386718,,osm,way,1206560751
52.849912,17.208136,,osm,way,1206590500
54.460059,17.005692,,osm,way,1206884993
51.065269,17.044417,,osm,way,1207087533
51.065144,17.044425,,osm,way,1207087534
54.458864,16.999829,"Boisko do koszykówki",osm,way,1207877005
52.335941,17.549084,,osm,way,1208306004
54.159135,20.827313,,osm,way,1208811015
54.163045,20.645186,,osm,way,1210049524
54.21944,19.545804,,osm,way,1210218902
52.613719,16.204116,,osm,way,1210521472
50.891203,20.643629,,osm,way,1210529150
49.941704,19.743352,,osm,way,1211019773
49.72809,21.491971,,osm,way,1211020843
52.372404,21.269271,,osm,way,1211195935
52.792636,20.688233,,osm,way,1211247687
53.443415,14.560087,,osm,way,1211542404
52.212516,20.976605,,osm,way,1211578051
54.456662,17.010098,,osm,way,1211580060
52.377409,16.912002,,osm,way,1212111177
54.457734,17.003274,"Boisko do koszykówki",osm,way,1212113857
53.332524,16.923409,,osm,way,1212246824
52.490296,19.817994,,osm,way,1212694492
53.346999,21.375134,,osm,way,1213004562
53.38044,21.353254,,osm,way,1213308669
53.386746,21.34489,,osm,way,1213568139
53.113034,17.571119,,osm,way,1213795016
50.30399,18.945018,,osm,way,1213854310
51.11386,15.584174,,osm,way,1214289691
52.757754,15.997362,,osm,way,1214296866
50.293477,18.932701,,osm,way,1214343566
50.643574,19.476024,,osm,way,1215153352
50.896238,20.646033,,osm,way,1215315334
52.903679,21.566046,,osm,way,1215334361
49.781328,18.936965,,osm,way,1215586374
52.206976,18.649596,,osm,way,1215783395
53.060726,17.821498,,osm,way,1215849683
50.328854,19.02722,,osm,way,1216338920
51.12292,17.049038,,osm,way,1216632825
54.185748,21.159547,,osm,way,1216637425
53.040846,18.591059,,osm,way,1216637456
53.641644,15.622867,,osm,way,1217134600
53.528483,15.80708,,osm,way,1217168721
52.231985,15.248337,,osm,way,1217515675
49.8738,19.290013,,osm,way,1217607564
50.075848,19.910557,,osm,way,1217896984
52.177444,22.066829,,osm,way,1218819232
50.234378,18.957622,,osm,way,1219017339
52.484944,21.041355,,osm,way,1219098628
50.23255,20.948977,,osm,way,1219288181
51.886854,18.958455,,osm,way,1219360214
51.118042,15.614549,,osm,way,1219370357
53.397084,14.671303,,osm,way,1220110834
49.975196,21.28448,,osm,way,1221510727
54.181606,15.55845,,osm,way,1221725469
54.215753,20.887195,,osm,way,1222334592
50.084928,19.956672,,osm,way,1222804982
52.735851,23.586936,,osm,way,1223093155
50.455137,18.923264,,osm,way,1223594239
50.07884,19.970437,,osm,way,1223632306
52.871996,18.689254,,osm,way,1224040302
50.680797,20.107063,,osm,way,1224626260
53.023449,18.64056,,osm,way,1224629636
50.965548,16.358552,,osm,way,1224968192
52.216389,21.189363,,osm,way,1225251538
52.216545,21.189219,,osm,way,1225251539
51.546668,20.511433,,osm,way,1225258114
49.976454,20.605394,,osm,way,1227040994
50.850712,20.611752,,osm,way,1227634821
51.886224,17.006505,,osm,way,1227951939
52.884593,20.676667,,osm,way,1228074658
50.242608,21.773318,,osm,way,1228294129
49.969892,20.609839,,osm,way,1228509642
53.698846,20.384606,,osm,way,1228642579
50.019065,21.67728,,osm,way,1228723874
50.236734,21.767862,,osm,way,1229721695
51.83735,19.523242,,osm,way,1229895533
51.618865,20.588724,,osm,way,1230829632
51.482707,20.61038,,osm,way,1231238052
54.467354,17.008194,,osm,way,1232981619
49.746207,21.461908,,osm,way,1233079917
52.167877,21.006359,,osm,way,1233549088
54.303306,18.586432,,osm,way,1233595722
51.746906,19.46157,,osm,way,1233806103
54.540162,16.821282,,osm,way,1234331300
52.489789,19.242732,,osm,way,1234652732
53.360917,17.039062,,osm,way,1234737826
52.149654,21.50225,,osm,way,1234747205
52.875511,18.782884,,osm,way,1234893971
54.47601,18.379496,,osm,way,1235185836
49.742228,21.457506,,osm,way,1235251328
54.355047,18.68714,,osm,way,1235349390
54.354979,18.686881,,osm,way,1235349391
50.493706,17.975163,,osm,way,1235835371
50.495487,17.970114,,osm,way,1235835398
53.359307,17.047535,,osm,way,1235942238
54.470716,17.0329,,osm,way,1235964212
53.619972,16.120252,,osm,way,1236117415
51.3511,22.793336,,osm,way,1236279984
50.750884,17.626393,,osm,way,1236338374
53.361892,17.044234,,osm,way,1236673475
49.745868,21.469868,,osm,way,1236896147
53.339726,15.046884,,osm,way,1237911310
53.830812,20.695986,,osm,way,1238638828
53.261512,19.153386,,osm,way,1238890750
53.103162,21.709885,,osm,way,1239458041
50.02012,20.048695,,osm,way,1239828442
51.703943,19.410241,,osm,way,1240437566
54.346261,18.492743,,osm,way,1240454735
53.79656,16.517834,,osm,way,1240541330
50.039367,19.980604,,osm,way,1240805653
50.434104,18.897301,,osm,way,1240844192
50.07698,21.840656,,osm,way,1241629066
54.465226,17.021093,,osm,way,1241712119
54.463473,17.018543,,osm,way,1242243567
52.420564,16.194773,,osm,way,1242244983
54.434623,18.567939,,osm,way,1242259442
54.45228,17.043403,,osm,way,1242288080
50.153285,23.076823,,osm,way,1242430843
49.736302,21.462324,,osm,way,1242476355
49.735736,21.462784,,osm,way,1242516709
52.437201,20.61162,,osm,way,1242753531
49.734734,21.463276,,osm,way,1242842677
52.108756,22.139748,,osm,way,1243257446
54.371089,18.524638,,osm,way,1243433981
53.58534,20.290735,,osm,way,1243454674
50.117459,20.034597,,osm,way,1243462770
50.300596,21.052053,,osm,way,1243561220
52.391139,20.956906,,osm,way,1243743819
52.296791,21.155902,,osm,way,1244224300
50.888682,22.294839,,osm,way,1244523353
54.47765,17.001607,,osm,way,1244586754
54.47727,17.00139,,osm,way,1244586759
50.020531,20.055627,,osm,way,1244845888
54.135022,21.977766,,osm,way,1245335008
53.92428,19.024879,,osm,way,1245490841
54.016435,22.103259,,osm,way,1245784116
52.176326,23.210695,,osm,way,1245898199
52.028572,20.956532,,osm,way,1246045992
52.27734,21.05016,,osm,way,1246051003
51.503543,22.856736,,osm,way,1246265063
52.182376,21.021132,,osm,way,1246467029
52.182364,21.021488,,osm,way,1246467030
54.206236,18.664235,,osm,way,1246477202
50.056181,20.181105,,osm,way,1246883999
49.739078,21.47001,,osm,way,1248093160
49.738926,21.470026,,osm,way,1248093161
53.564315,20.022118,,osm,way,1248750627
53.791511,20.499868,,osm,way,1248764491
53.172802,16.748928,,osm,way,1249828872
49.820281,19.221022,,osm,way,1250201395
50.871229,20.769572,,osm,way,1250849616
52.40826,22.238897,,osm,way,1251599149
53.563731,20.802976,,osm,way,1251759135
53.810541,18.649015,,osm,way,1252019635
51.541169,19.142472,,osm,way,1252596359
51.254783,15.577644,,osm,way,1254291052
51.781537,19.487683,,osm,way,1254351346
51.266258,22.554694,,osm,way,1254919450
50.283997,18.887423,,osm,way,1257231384
49.564397,20.679743,,osm,way,1257987936
50.166804,20.527138,,osm,way,1258202678
50.280957,18.913907,,osm,way,1258333938
54.49992,17.14739,,osm,way,1258732605
52.339895,21.23745,,osm,way,1259266775
50.694894,20.748002,,osm,way,1259489600
54.065952,18.433032,,osm,way,1259609588
49.932761,22.9745,,osm,way,1260603024
50.029992,19.902797,,osm,way,1261857075
50.73109,20.684018,,osm,way,1262266740
49.979334,17.866768,,osm,way,1262604094
52.966492,18.725411,,osm,way,1263180049
53.669506,20.354489,,osm,way,1263528422
50.07253,22.238993,,osm,way,1264074164
50.425786,21.252742,,osm,way,1264139533
52.142943,21.144466,,osm,way,1264311112
50.039531,18.755416,,osm,way,1265095913
50.234533,21.772086,,osm,way,1265655531
50.239713,18.830216,,osm,way,1265876051
49.818038,19.935519,,osm,way,1266257868
53.372644,23.431083,,osm,way,1266568398
53.724877,19.020764,,osm,way,1266713459
53.337701,15.013911,,osm,way,1266880776
52.570936,16.468127,,osm,way,1267757823
50.002117,19.90831,,osm,way,1267821798
51.778309,17.858684,,osm,way,1267877477
50.000899,19.919332,,osm,way,1267886772
53.703703,17.571592,,osm,way,1268309808
54.474103,18.482107,,osm,way,1268857346
52.178635,20.798605,,osm,way,1270452913
50.822287,20.624739,,osm,way,1270900000
50.067159,22.221108,,osm,way,1271161734
50.067559,22.223653,,osm,way,1271163844
51.230424,22.490132,,osm,way,1271241067
54.605965,18.803603,,osm,way,1271493666
49.543135,20.008581,,osm,way,1271541339
53.975272,18.530914,,osm,way,1271719018
54.422458,18.566454,,osm,way,1271835382
54.606406,18.24897,,osm,way,1271943547
52.674725,18.335943,,osm,way,1272034068
54.403115,18.652634,,osm,way,1272119028
50.307649,18.94904,,osm,way,1272554727
53.105327,18.465909,,osm,way,1272775780
50.800145,16.848294,,osm,way,1272869378
50.680025,16.755062,,osm,way,1272869461
53.183099,18.555951,,osm,way,1272903275
53.914007,19.934754,,osm,way,1273103974
54.345731,19.251325,,osm,way,1274596730
53.153016,23.1044,,osm,way,1275379558
52.999053,18.056278,,osm,way,1275525011
49.874549,22.95991,,osm,way,1275854061
49.757762,21.401658,,osm,way,1276750065
51.956049,19.285533,,osm,way,1277636653
49.97279,18.504996,,osm,way,1277753774
52.152652,20.794648,,osm,way,1278154831
54.386346,18.464132,,osm,way,1278538815
52.14931,19.286469,,osm,way,1279022923
50.223572,22.261407,,osm,way,1280187117
53.630235,21.795203,,osm,way,1281106087
51.029976,16.775289,,osm,way,1281917310
54.455876,17.032237,,osm,way,1282132618
54.456444,17.031962,,osm,way,1282132620
53.919514,15.532131,,osm,way,1282259549
49.739553,19.593878,,osm,way,1284366502
52.154236,20.921723,,osm,way,1284425564
52.474523,20.995832,,osm,way,1285780301
51.07438,17.733729,,osm,way,1286109087
52.108627,16.706408,,osm,way,1286191434
51.048699,16.202071,,osm,way,1286667051
50.858263,17.470216,,osm,way,1287122631
49.554964,20.423871,,osm,way,1287350008
50.322279,18.653654,,osm,way,1287754841
50.323503,18.653743,,osm,way,1287776945
52.494109,17.292405,"Boisko do koszykówki",osm,way,1288378085
50.913063,18.948876,,osm,way,1288742059
51.199039,18.559896,,osm,way,1288859934
52.224585,21.08709,,osm,way,1288931152
50.51672,18.284405,,osm,way,1288947460
51.205956,16.181447,,osm,way,1289570480
53.910734,14.251684,,osm,way,1290196730
50.884662,20.648496,,osm,way,1290510117
50.348419,18.893845,,osm,way,1290726701
53.119959,21.415104,,osm,way,1291802679
52.213187,20.984593,,osm,way,1292166375
52.213236,20.985144,,osm,way,1292166376
51.092066,20.922383,,osm,way,1292698156
50.540717,22.731375,,osm,way,1292832931
54.299786,18.555504,,osm,way,1292962989
50.737672,23.287558,,osm,way,1293450924
51.409898,16.194678,,osm,way,1295078195
54.791514,18.397719,,osm,way,1296392849
53.016128,18.572418,,osm,way,1296432125
53.180007,21.555603,,osm,way,1296627965
53.098937,18.328883,,osm,way,1297004630
53.099061,18.329102,,osm,way,1297004632
49.66768,21.888477,,osm,way,1297341061
54.353582,18.533164,,osm,way,1299372250
51.119785,16.87472,,osm,way,1301070226
50.71454,20.427061,,osm,way,1301706803
49.91262,19.003707,,osm,way,1301840499
53.135743,23.220007,,osm,way,1302541905
52.247965,21.095835,,osm,way,1302683613
52.272514,20.954199,,osm,way,1302683614
52.254437,21.230429,,osm,way,1302685862
54.373928,17.151115,,osm,way,1303105677
51.531644,22.691792,,osm,way,1303160293
54.301212,18.615615,,osm,way,1303352021
54.002194,21.86599,,osm,way,1303558343
51.174695,17.004425,,osm,way,1304074063
52.304114,14.590675,,osm,way,1304219946
50.438237,22.258891,,osm,way,1304918312
52.406315,22.247194,,osm,way,1305204777
50.817882,19.261118,,osm,way,1305250723
50.093272,19.939099,,osm,way,1305458350
50.089313,18.5253,,osm,way,1305693073
50.42738,18.176458,,osm,way,1306031440
52.877209,18.700023,,osm,way,1306322153
50.520354,21.44866,,osm,way,1306327638
54.34019,19.107571,,osm,way,1306453866
50.282188,17.473993,,osm,way,1306642261
52.537601,17.591581,,osm,way,1306864588
50.937117,16.589578,,osm,way,1307061663
54.056257,18.391392,,osm,way,1307064121
51.509602,16.076433,,osm,way,1307110407
52.757023,15.734102,,osm,way,1307339272
52.022089,20.358156,,osm,way,1307708676
54.381596,16.315696,,osm,way,1307755057
54.161544,15.492514,,osm,way,1307811289
54.376252,16.323845,,osm,way,1307950630
50.489801,17.958519,,osm,way,1308152011
54.35852,18.373002,,osm,way,1308629679
53.10676,22.939428,,osm,way,1308774866
50.041935,20.064774,,osm,way,1308862457
49.772054,20.528789,,osm,way,1309481747
51.949094,20.054393,,osm,way,1309810179
49.572445,22.205232,,osm,way,1309894496
54.403891,18.630679,,osm,way,1309966163
52.597988,21.431704,"2 boiska do gry w kosza",osm,way,1310587944
52.433904,15.120157,,osm,way,1310606703
52.700773,16.214658,,osm,way,1310744867
49.989144,19.975078,,osm,way,1311254051
51.137789,17.076429,,osm,way,1311761501
51.671023,16.525582,"Boisko Michaela Jordana",osm,way,1312297412
52.267199,20.465885,,osm,way,1312649183
52.609087,15.903135,,osm,way,1312671311
52.043433,23.168131,,osm,way,1312805265
53.357153,20.442018,,osm,way,1313801927
51.019954,16.88909,,osm,way,1314066539
50.00868,18.239292,,osm,way,1315275339
50.017944,21.98052,,osm,way,1315291673
53.496924,14.375837,,osm,way,1315595207
50.839662,19.133844,,osm,way,1315687698
51.116783,18.889261,,osm,way,1316999985
52.253365,15.910894,,osm,way,1317009228
51.118072,18.872547,,osm,way,1317389507
52.354395,16.517226,,osm,way,1317930723
52.476121,16.659626,,osm,way,1318314334
52.806334,21.894451,,osm,way,1318471183
50.837444,19.126542,,osm,way,1319218900
51.165341,16.924099,,osm,way,1319572389
51.165423,16.924436,,osm,way,1319572390
51.09014,16.899288,,osm,way,1319692064
51.590976,21.529879,,osm,way,1319868621
49.453018,19.881826,,osm,way,1319940840
52.320561,16.114713,,osm,way,1320092267
52.228169,16.362339,,osm,way,1320114630
50.366251,20.344538,,osm,way,1321390508
50.350661,18.232345,,osm,way,1321597407
53.471705,14.541097,,osm,way,1321809689
53.09359,17.85572,,osm,way,1322281776
50.058247,22.487947,,osm,way,1322830455
54.318724,18.573875,,osm,way,1323189664
54.055989,18.009763,,osm,way,1323299252
50.146875,20.688065,,osm,way,1323585750
52.315333,20.949098,,osm,way,1323607610
52.315486,20.948705,,osm,way,1323607611
50.342391,19.0557,,osm,way,1323857453
51.989176,15.410964,,osm,way,1324146558
52.01102,15.421243,,osm,way,1324147117
49.780716,21.853746,,osm,way,1324842015
52.749047,16.991784,,osm,way,1325490123
51.197465,20.410919,,osm,way,1325611122
54.46464,17.032896,,osm,way,1326061947
52.300269,21.113769,,osm,way,1326209219
50.047958,19.871161,,osm,way,1326332397
51.112362,17.016156,,osm,way,1327652412
52.805283,21.905289,,osm,way,1327839328
50.096744,19.9079,,osm,way,1327952028
51.815558,18.717336,,osm,way,1328079064
54.084915,19.305045,,osm,way,1328512610
54.087672,19.303493,,osm,way,1328526825
51.264525,23.305662,,osm,way,1328592695
51.26454,23.305388,,osm,way,1328592696
50.095247,19.942264,,osm,way,1328662168
53.561818,21.019326,,osm,way,1328678427
53.572511,20.993507,,osm,way,1328678447
52.216668,20.984081,,osm,way,1328825495
53.772762,15.784255,,osm,way,1329022721
52.496018,16.849746,,osm,way,1329191180
49.438153,20.427336,,osm,way,1329204426
50.275277,19.057592,,osm,way,1329478580
52.814626,17.193265,,osm,way,1330378608
52.633473,16.601632,,osm,way,1330676989
50.708076,16.001086,,osm,way,1331124911
50.081642,20.002622,,osm,way,1332571249
52.34251,21.115932,,osm,way,1332980518
51.26678,22.589387,,osm,way,1333501847
53.515446,14.40506,,osm,way,1334310922
54.422801,16.865632,,osm,way,1334368026
54.376945,18.567713,,osm,way,1334377667
51.777856,15.547484,,osm,way,1334453724
50.06809,20.108987,,osm,way,1334525827
52.800178,18.242064,,osm,way,1334673495
50.784111,15.722133,,osm,way,1335115061
50.447914,23.412049,,osm,way,1335162221
49.771245,18.785601,,osm,way,1335759489
51.224227,22.527408,,osm,way,1335787913
52.436942,15.584118,,osm,way,1335886648
52.737154,21.601053,,osm,way,1336484052
53.71431,16.729075,,osm,way,1337085252
50.083893,19.966841,,osm,way,1337286927
53.902403,19.310254,,osm,way,1338357194
54.563363,18.38744,,osm,way,1338876380
50.308377,17.514377,,osm,way,1339241922
50.364005,22.536475,,osm,way,1339318219
50.632997,19.361119,,osm,way,1339843472
52.23185,20.899529,,osm,way,1339879463
51.783088,19.467517,,osm,way,1339881236
52.193266,18.514345,,osm,way,1339882228
51.141045,16.945658,,osm,way,1339928659
51.973673,17.487199,,osm,way,1340045601
52.424386,16.889295,,osm,way,1340166408
54.057101,15.289911,,osm,way,1341092746
54.499109,16.961483,,osm,way,1341830149
50.300213,21.730443,,osm,way,1341832938
51.907387,15.504315,,osm,way,1342645832
51.907581,15.50423,,osm,way,1342645833
50.476409,17.358773,,osm,way,1344077737
51.895233,15.572434,,osm,way,1344533102
50.46246,16.678613,,osm,way,1344800958
52.441159,15.116155,,osm,way,1346126135
52.514058,17.605396,,osm,way,1346177888
50.576382,20.708614,,osm,way,1346373385
51.782207,19.490897,,osm,way,1346902650
53.557343,17.716827,,osm,way,1347697609
52.176732,21.550099,,osm,way,1348578520
50.084626,18.76277,,osm,way,1348584282
51.745773,18.146413,,osm,way,1348707969
54.459469,17.066108,,osm,way,1348715568
51.306224,16.777206,,osm,way,1349023100
51.284679,17.989539,,osm,way,1349242322
53.912592,18.145959,,osm,way,1351004267
53.099114,16.281312,,osm,way,1351524159
51.084608,16.742659,,osm,way,1351793796
50.34947,16.774602,,osm,way,1352230241
49.974421,19.972159,,osm,way,1352290002
52.892071,17.69449,,osm,way,1352292423
50.296567,18.933783,,osm,way,1352511889
53.941069,18.197102,,osm,way,1352631235
53.941065,18.196947,,osm,way,1352631236
54.201946,16.178812,,osm,way,1353153342
54.202642,16.183165,,osm,way,1353170019
54.200826,16.188092,,osm,way,1353170841
53.977783,18.521251,,osm,way,1354004438
53.984282,18.506809,,osm,way,1354008734
50.312907,18.909143,,osm,way,1354146351
50.660097,17.524742,,osm,way,1354198656
51.632752,15.130619,"boisko do koszykówki",osm,way,1354222059
53.989014,18.514829,,osm,way,1354255670
51.637347,15.146697,"boisko do koszykówki",osm,way,1354380220
53.952442,18.527159,,osm,way,1354447781
53.956178,18.520777,,osm,way,1354447837
51.170065,16.903698,,osm,way,1354509737
52.257504,21.167107,,osm,way,1354510225
51.176096,16.816666,,osm,way,1354732177
54.527735,18.458433,,osm,way,1355009998
50.414812,16.511055,,osm,way,1355412507
51.275255,17.003668,,osm,way,1355425522
52.648354,19.162622,,osm,way,1355440148
53.962549,18.49284,,osm,way,1355663215
50.14593,19.776698,,osm,way,1356221028
51.058224,14.971146,,osm,way,1356728157
51.617008,15.133147,,osm,way,1356738939
49.407142,20.960826,,osm,way,1356882564
49.407097,20.960955,,osm,way,1356882565
49.403601,20.955729,,osm,way,1356882566
52.231017,18.247447,,osm,way,1357535325
52.7333,17.043764,,osm,way,1357876912
50.275959,18.67179,,osm,way,1358234454
50.275964,18.67155,,osm,way,1358234455
50.275972,18.67124,,osm,way,1358234456
50.317973,18.878335,,osm,way,1358316636
50.23564,19.690215,,osm,way,1358365346
51.957131,15.643292,,osm,way,1358697874
49.631074,21.166865,,osm,way,1359336024
49.813288,19.027214,,osm,way,1359528041
49.978486,20.398356,,osm,way,1359670686
52.816044,17.208764,,osm,way,1359857616
51.601389,15.170576,,osm,way,1360122443
53.017389,18.568856,,osm,way,1360335915
53.015877,18.568893,,osm,way,1360397470
50.210155,18.983044,,osm,way,1360422360
52.753498,15.242684,,osm,way,1360570003
54.431388,17.086195,,osm,way,1360695806
51.222251,18.557249,,osm,way,1360887845
53.921899,14.422707,,osm,way,1360917726
51.609907,18.930511,,osm,way,1361006158
50.573901,22.060057,,osm,way,1361725854
50.301109,16.651799,,osm,way,1361941260
50.57159,22.060154,,osm,way,1361981685
52.314825,16.132936,,osm,way,1362039107
53.119594,21.495874,,osm,way,1362278914
53.612063,18.50111,,osm,way,1362390457
54.352854,18.372748,,osm,way,1362662671
53.146255,18.128728,,osm,way,1362792625
52.234235,20.946793,,osm,way,1362947969
52.184099,20.563257,,osm,way,1362979179
52.183947,20.56317,,osm,way,1362979181
53.224423,21.859056,,osm,way,1363157406
54.524888,18.51506,,osm,way,1363463489
52.729134,15.208104,,osm,way,1363561642
52.227693,18.248705,,osm,way,1363591846
50.664485,17.934722,,osm,way,1363635065
50.710457,17.796168,,osm,way,1363642220
51.159691,15.455562,,osm,way,1363799069
50.050176,20.270948,,osm,way,1363909552
53.862107,15.950757,,osm,way,1363985929
50.866814,16.313125,,osm,way,1364252764
51.58877,18.930056,,osm,way,1364330142
53.118472,23.102118,,osm,way,1364344177
54.363828,18.635938,,osm,way,1364875932
52.197917,18.289809,,osm,way,1364889174
52.146835,21.042279,,osm,way,1365590434
50.347116,18.628083,,osm,way,1366211128
50.073436,19.945362,,osm,way,1367179937
51.33977,22.75525,,osm,way,1367344875
52.546166,16.754237,,osm,way,1367401167
54.318743,18.574251,,osm,way,1368178106
49.996907,20.129223,,osm,way,1368354135
49.54741,19.741898,,osm,way,1368730132
49.940193,19.991045,,osm,way,1369078851
50.82257,19.099324,,osm,way,1369645023
50.677975,19.443807,,osm,way,1369737620
51.630026,15.123622,"boisko do koszykówki",osm,way,1369741376
54.479677,18.556473,,osm,way,1369808660
53.998256,18.528675,,osm,way,1370700064
50.674006,21.894217,,osm,way,1370804839
50.930892,19.625157,,osm,way,1371215308
50.890165,15.733475,,osm,way,1371290556
53.529177,14.331777,,osm,way,1371902625
53.531834,14.334715,,osm,way,1371902631
53.810016,22.37776,,osm,way,1372191883
54.03571,19.338032,,osm,way,1372455375
51.812021,21.896857,,osm,way,1372500454
49.517171,22.253953,,osm,way,1373154055
49.481175,22.062502,,osm,way,1373702532
51.033722,15.322808,,osm,way,1374340782
52.229477,18.252149,,osm,way,1374662917
54.095621,21.380821,,osm,way,1375038356
52.993241,21.865784,,osm,way,1375052219
52.481268,16.86964,,osm,way,1375429778
54.613832,18.333059,,osm,way,1375912396
51.120584,23.46844,,osm,way,1376145797
49.810343,19.036784,,osm,way,1376391743
50.135738,19.141732,,osm,way,1376743090
53.410136,23.436964,,osm,way,1377392186
51.950961,21.156516,,osm,way,1377767821
50.637433,21.887361,,osm,way,1377858289
50.084695,19.102228,,osm,way,1377894237
51.592972,18.951966,,osm,way,1378136238
52.05661,19.321006,,osm,way,1378142181
53.150672,23.093611,,osm,way,1378420255
51.590926,18.955339,,osm,way,1378644375
54.439079,18.576438,,osm,way,1378897860
54.422384,16.422388,,osm,way,1378960997
51.069282,16.936261,,osm,way,1379147790
51.601073,18.952514,,osm,way,1380407920
53.029372,18.588983,,osm,way,1382374865
52.43823,16.959543,,osm,way,1382921649
51.143948,17.1349,,osm,way,1383298127
51.144324,17.132753,,osm,way,1383298128
53.267964,21.239276,,osm,way,1383959710
50.370785,21.461585,,osm,way,1384121622
54.02939,22.507198,,osm,way,1384642160
50.038182,22.561025,,osm,way,1384704689
53.04072,16.456224,,osm,way,1384919177
50.824535,16.273277,,osm,way,1385332161
52.598351,15.895999,,osm,way,1385397251
54.313268,18.601133,,osm,way,1386601590
51.145336,18.615491,,osm,way,1386779950
53.917759,18.447872,,osm,way,1387009830
50.270557,18.861725,,osm,way,1387063203
52.463612,21.026095,,osm,way,1387178456
50.084045,21.025268,,osm,way,1387492834
52.127981,21.073419,,osm,way,1387990794
54.250978,20.82391,,osm,way,1388218149
50.991713,16.652475,,osm,way,1388495089
54.252151,20.826671,,osm,way,1388775120
54.252325,20.826755,,osm,way,1388775121
52.447248,16.777241,,osm,way,1388972222
51.924978,20.204677,,osm,way,1389034631
53.723931,18.933504,,osm,way,1390816493
53.73587,18.938103,,osm,way,1390816509
53.736063,18.938287,,osm,way,1390816510
52.881301,18.790646,,osm,way,1391098510
52.37385,16.807735,,osm,way,1391398524
52.150221,21.049231,"3x3 Basketball Court",osm,way,1391580292
53.102616,18.794383,,osm,way,1391807147
53.36779,17.323672,,osm,way,1392548857
54.541582,18.466786,,osm,way,1392928402
50.073746,22.50048,,osm,way,1393850876
53.092309,16.63223,,osm,way,1394395048
52.010894,18.503021,,osm,way,1394828909
52.908335,18.7262,,osm,way,1395029157
50.844598,19.980215,,osm,way,1395438314
50.844555,19.980041,,osm,way,1395438315
54.119951,17.957447,,osm,way,1395450794
50.735662,16.656858,,osm,way,1395842443
53.434529,14.429584,,osm,way,1395948666
54.578683,18.536303,,osm,way,1396139092
54.178971,17.503641,,osm,way,1396463618
50.053869,22.040841,,osm,way,1408882943
54.567884,18.401345,,osm,way,1409230821
52.563339,14.826452,,osm,way,1409276520
50.099768,20.073106,,osm,way,1409411227
50.025118,22.047542,,osm,way,1409852075
51.123108,16.969309,,osm,way,1410160835
51.096423,17.022405,,osm,way,1410335791
51.0199,17.032312,,osm,way,1410404821
50.879104,19.057651,,osm,way,1410706319
49.891937,22.288751,,osm,way,1410730756
54.325505,18.60337,,osm,way,1412161810
53.082405,21.437396,,osm,way,1412257519
53.925221,15.22272,,osm,way,1412431748
53.118969,17.600412,,osm,way,1412698482
51.239078,22.507692,,osm,way,1412747978
53.044349,21.458126,,osm,way,1412759661
53.78916,20.49187,,osm,way,1412760831
53.106612,17.540699,,osm,way,1412829350
52.811768,15.757628,,osm,way,1412997754
52.664748,19.036842,,osm,way,1413004309
52.664944,19.036872,,osm,way,1413004311
53.032268,18.502335,,osm,way,1413069205
52.727084,15.204904,,osm,way,1413240265
52.728116,15.208477,,osm,way,1413915955
50.44657,18.879031,,osm,way,1413942799
50.059489,19.956619,,osm,way,1414077775
50.05931,19.956525,,osm,way,1414077778
50.059674,19.956557,,osm,way,1414077779
52.05895,22.055648,,osm,way,1414171516
54.178084,15.574558,,osm,way,1414512023
51.099959,20.852976,,osm,way,1414812514
52.998412,18.980625,,osm,way,1415140741
52.08653,20.647913,,osm,way,1415264724
53.439689,14.521671,,osm,way,1415272069
49.804119,20.312701,,osm,way,1415866607
50.806593,16.254431,,osm,way,1416116746
52.130439,16.510462,,osm,way,1416147308
50.033768,21.979542,,osm,way,1416843598
50.033895,21.979661,,osm,way,1416843599
50.982362,16.745597,,osm,way,1417147127
50.552301,22.741406,,osm,way,1417192443
53.163939,17.704822,,osm,way,1417719544
53.436922,14.556985,,osm,way,1418755242
51.610524,20.577841,,osm,way,1419225691
54.29789,18.59594,,osm,way,1419644168
50.381854,19.247635,,osm,way,1419720386
51.03258,17.052141,,osm,way,1420427075
51.083767,18.197293,,osm,way,1420841209
50.333804,18.889769,,osm,way,1421238375
54.386051,18.610254,,osm,way,1421338450
49.65446,21.163559,,osm,way,1421491312
53.141128,17.577367,,osm,way,1421748685
52.23555,18.253925,,osm,way,1422251581
54.035708,14.805001,,osm,way,1422597407
53.17205,18.161912,,osm,way,1423252713
53.128158,18.035164,,osm,way,1423897242
54.378088,18.629846,,osm,way,1424003846
54.367389,16.680464,,osm,way,1424350247
53.239102,16.37782,,osm,way,1424528324
51.031881,18.425379,,osm,way,1424667239
54.484319,17.064734,,osm,way,1424814066
51.187266,21.61724,,osm,way,1424868491
50.44601,17.016828,,osm,way,1425220581
49.950432,18.608354,,osm,way,1425369166
51.109763,17.019463,,osm,way,1426062123
51.109842,17.019137,,osm,way,1426062124
53.191238,18.155462,,osm,way,1426083203
53.191418,18.155445,,osm,way,1426083204
50.623072,17.997973,,osm,way,1426216199
52.32947,17.565109,,osm,way,1426367941
50.993246,17.068432,,osm,way,1426389121
54.561344,16.868437,,osm,way,1426815737
49.676692,19.150002,,osm,way,1427071702
54.232843,18.599241,,osm,way,1427121929
49.987988,19.873282,,osm,way,1427352346
51.880318,22.349437,,osm,way,1427584794
54.519234,17.095686,,osm,way,1427717506
54.505585,17.120726,,osm,way,1427723733
50.051032,21.40033,,osm,way,1428145726
51.115223,18.222086,,osm,way,1428377939
50.188268,22.17998,,osm,way,1428863440
51.759923,19.547157,,osm,way,1429194125
52.988738,17.49274,,osm,way,1429564007
50.986879,23.157262,,osm,way,1429581241
50.98557,23.160028,,osm,way,1429616864
51.795248,16.318185,,osm,way,1429742900
52.427768,17.478925,,osm,way,1430014940
51.809319,16.289839,,osm,way,1430032283
50.850375,16.01431,,osm,way,1430811379
52.602179,18.882605,,osm,way,1430814842
53.07786,20.450819,,osm,way,1431105195
50.09824,22.565123,"Boisko sportowe",osm,way,1431475476
50.120294,17.926708,,osm,way,1431663596
51.117368,15.613969,,osm,way,1432347273
51.117548,15.613959,,osm,way,1432347274
52.0889,16.995894,,osm,way,1432375388
50.130898,19.424466,,osm,way,1432513843
49.746263,21.47104,,osm,way,1433590333
54.511003,16.508953,,osm,way,1433742900
52.059918,23.161497,,osm,way,1433988405
54.39801,18.646762,,osm,way,1434310807
50.175671,20.208492,,osm,way,1435165882
53.159001,22.061328,,osm,way,1435185370
53.855294,17.505165,,osm,way,1435257153
50.910688,16.242203,,osm,way,1435746538
50.990783,16.835545,,osm,way,1435857114
49.572979,21.085225,,osm,way,1435889630
52.057231,19.198417,,osm,way,1436116192
54.545085,18.150546,,osm,way,1436189556
51.210953,17.367035,,osm,way,1436671182
52.723887,15.227091,,osm,way,1436951454
52.512754,17.596662,,osm,way,1442698798
50.86256,17.46161,,osm,way,1442795122
49.664307,20.754328,,osm,way,1442842549
54.539183,18.463111,,osm,way,1443008150
52.50913,17.592645,,osm,way,1443557152
54.532321,18.373674,,osm,way,1443744160
50.995091,22.245667,,osm,way,1444251315
52.74291,22.468421,,osm,way,1444515935
52.240291,20.973358,,osm,way,1445729526
51.741737,19.560052,,osm,way,1445750154
51.741823,19.560091,,osm,way,1445750155
51.20418,17.388065,,osm,way,1446269260
51.204281,17.388123,,osm,way,1446269261
51.204344,17.387858,,osm,way,1446269262
51.204242,17.387801,,osm,way,1446269263
54.581993,18.539387,,osm,way,1446546853
52.425137,18.312553,,osm,way,1446605599
50.09101,22.230552,,osm,way,1446945475
50.339135,18.141001,,osm,way,1446971397
51.09662,17.003561,,osm,way,1447161990
54.596952,18.498509,,osm,way,1447192026
49.604198,19.988936,,osm,way,1447476863
51.191013,17.359172,,osm,way,1447937095
50.101399,19.955571,,osm,way,1448291247
53.274727,16.459342,,osm,way,1448296422
52.236315,18.308511,,osm,way,1448497733
52.417498,16.636181,,osm,way,1448525256
51.122191,17.053602,,osm,way,1448673035
52.199051,18.249902,,osm,way,1449258584
49.821542,19.049137,,osm,way,1449402549
52.196953,18.235214,,osm,way,1449423189
51.019974,17.565503,,osm,way,1449858455
49.770242,18.722365,,osm,way,1450846323
52.542989,19.700001,,osm,way,1451186066
51.756242,19.481175,,osm,way,1451290879
52.865612,20.196776,,osm,way,1451815515
52.532745,17.579135,,osm,way,1451821842
53.451801,14.547287,,osm,way,1451941669
54.730787,18.593247,,osm,way,1452936499
51.113482,16.98602,,osm,way,1452979202
53.948862,18.841205,,osm,way,1453112862
51.284981,20.945527,,osm,way,1453301939
52.758364,23.009019,,osm,way,1453567804
51.00159,22.27768,,osm,way,1454018507
52.228479,18.276736,,osm,way,1454259064
50.300432,18.943303,,osm,way,1454951886
50.0224,21.001809,,osm,way,1454976892
51.614038,19.190854,,osm,way,1455015556
50.085468,19.847196,,osm,way,1455711284
50.073085,19.978949,,osm,way,1455765652
52.940905,17.30766,,osm,way,1455951048
51.138661,21.211973,,osm,way,1456123977
51.985133,21.195597,,osm,way,1457288040
52.441183,16.64742,,osm,way,1457609197
50.030722,21.00834,,osm,way,1457618170
51.118917,17.004951,,osm,way,1458588493
51.852957,21.374125,,osm,way,1459655485
51.123107,17.047105,,osm,way,1460087488
52.280675,21.119153,,osm,way,1460164598
49.809052,18.981163,,osm,way,1460857263
51.552575,19.037722,,osm,way,1461420698
52.437636,20.668835,,osm,way,1461904227
50.129232,18.976624,,osm,way,1461937857
53.200317,16.500878,,osm,way,1462359561
54.091316,17.068091,,osm,way,1462372953
53.81436,22.334537,,osm,way,1462400301
52.588665,14.648647,,osm,way,1462400660
54.452367,16.968375,,osm,way,1462441269
53.438677,20.407897,,osm,way,1463230614
49.85168,20.691558,,osm,way,1463810663
50.200622,18.962607,,osm,way,1464147917
51.535496,20.000987,,osm,way,1464225405
50.095154,20.051389,,osm,way,1464295663
53.120094,23.090924,,osm,way,1465207162
52.339249,21.253477,,osm,way,1465214765
51.218989,17.370849,,osm,way,1465591800
51.118719,17.046342,,osm,way,1466326417
53.122391,23.105087,,osm,way,1466588360
50.337124,18.187721,,osm,way,1466869925
53.146324,23.148962,,osm,way,1467656967
53.518122,22.314632,,osm,way,1468888972
52.352337,21.268956,,osm,way,1468990498
50.058648,19.970023,,osm,way,1471681067
51.646403,16.114913,,osm,way,1472991139
52.198226,21.033314,,osm,way,1473422643
51.032735,17.334624,,osm,way,1473589428
49.670438,21.295056,,osm,way,1474185020
52.38752,21.373984,,osm,way,1474333345
51.12751,17.031894,,osm,way,1474791433
50.086001,20.148599,,osm,way,1474884500
54.458205,17.00653,,osm,way,1475092464
50.240942,19.175639,,osm,way,1475094595
53.114768,23.112244,,osm,way,1475280242
49.990719,19.932612,,osm,way,1475398552
51.122405,16.981123,,osm,way,1476633539
50.938815,15.40484,,osm,way,1476897615
54.534764,17.072077,,osm,way,1477809299
51.096662,17.007532,,osm,way,1477860648
51.076931,16.824976,,osm,way,1477883395
49.825798,19.05722,,osm,way,1478490866
49.825664,19.057158,,osm,way,1478490867
52.247094,21.388294,,osm,way,1479063611
49.632492,21.703597,,osm,way,1479182791
52.293406,20.928771,,osm,way,1479263591
54.467051,17.03817,,osm,way,1480440179
49.990344,20.228625,,osm,way,1480635784
52.190054,20.836493,,osm,way,1480952049
53.852053,14.66259,,osm,way,1481323688
50.05962,21.409899,,osm,way,1481631280
54.268205,16.099632,,osm,way,1481947773
54.403918,18.644359,,osm,way,1482864475
50.826837,16.302701,,osm,way,1482979777
52.412959,16.952237,,osm,way,1483301796
52.412626,16.952331,,osm,way,1483301797
53.194622,22.893293,,osm,way,1484337545
53.110681,17.975692,,osm,way,1485349132
49.938291,19.05677,,osm,way,1486325240
49.564754,19.876548,,osm,way,1486390723
53.115463,17.97277,"Sala gimnastyczna",osm,way,1486936947
54.002638,16.371473,,osm,way,1486982346
51.214355,17.398858,,osm,way,1488051228
50.024864,20.972492,"Stare Boisko do koszykówki i siatkówki",osm,way,1488502586
53.824366,22.34988,,osm,way,1488955555
52.693132,18.310494,,osm,way,1489292583
51.528679,20.248318,,osm,way,1490332729
51.528719,20.248067,,osm,way,1490332730
51.528757,20.247818,,osm,way,1490332731
51.528797,20.247562,,osm,way,1490332732
52.843284,19.187209,,osm,way,1490473386
51.880654,17.001615,,osm,way,1491087371
49.803376,18.606245,"Boisko do kosza",osm,way,1491305616
53.845646,22.998948,,osm,way,1491824030
54.431234,18.561035,,osm,way,1493104169
52.290334,21.052067,,osm,way,1493462182
51.098,17.020779,,osm,way,1493942438
52.670536,21.125927,,osm,way,1494463042
51.080148,17.033097,,osm,way,1495228469
50.06613,20.014973,,osm,way,1495841044
50.011649,19.974138,,osm,way,1495892462
50.339627,18.611887,,osm,way,1495923850
50.571006,22.051143,,osm,way,1495997838
52.742578,14.698612,"Boisko do Koszykówki",osm,way,1497172045
52.480499,19.844483,,osm,way,1497178172
50.348304,18.218562,,osm,way,1497498814
51.046601,17.113186,,osm,way,1497532268
54.159166,19.388837,,osm,way,1497902500
50.692213,16.782702,"Małe boisko do koszykówki",osm,way,1497984664
49.817034,18.972695,,osm,way,1498289271
54.346832,18.701401,,osm,way,1498755403
52.394364,15.125939,,osm,way,1499409660
50.012619,19.902256,,osm,way,1499580626
54.421211,18.57462,,osm,way,1500094356
54.053669,21.767081,,osm,way,1500142723
50.725936,23.254964,,osm,way,1500304742
53.25913,14.489453,,osm,way,1503740950
52.307723,18.259,,osm,way,1503967224
50.567868,22.070749,,osm,way,1504097521
54.041075,21.767303,,osm,way,1505079103
50.003477,19.896436,,osm,way,1505732044
50.578129,22.061247,,osm,way,1508455897
53.161126,14.485619,,osm,way,1508930096
52.039465,21.003618,,osm,way,1509286148
50.536992,16.895095,,osm,way,1509288438
52.034619,21.011036,,osm,way,1509634515
52.211324,20.795814,,osm,way,1511864804
52.211458,20.795823,,osm,way,1511864805
52.87153,21.941645,,osm,way,1512628550
52.48165,19.664116,,osm,way,1512947002
51.969277,20.116079,,osm,way,1515400194
53.090627,14.459233,,osm,way,1516955422
53.097578,14.545909,,osm,way,1516993009
52.162913,20.787584,,osm,way,1517084618
54.322913,18.63375,,osm,way,1517793113
52.627957,18.522316,,osm,way,1518009548
50.924717,16.060993,,osm,way,1519290914
50.326903,22.239241,,osm,way,1521411440
54.23614,18.649455,,osm,way,1523120988
52.316249,18.288571,,osm,way,1523505596
52.327291,18.236923,,osm,way,1523512063
53.014208,18.073379,,osm,way,1523560953
51.219663,16.50254,,osm,way,1524035776
54.265568,18.638384,,osm,way,1524046848
54.264309,18.673469,,osm,way,1524719875
52.265581,14.655689,,osm,way,1525568516
50.509609,18.284979,,osm,way,1526394209
50.509778,18.284416,,osm,way,1526394210
51.014951,15.674229,,osm,way,1527276852
53.58721,19.562399,,osm,way,1527554679
52.326717,21.047894,,osm,way,1528064754
52.178684,20.798351,,osm,way,1528153578
52.290991,20.850459,,osm,way,1528634163
54.384932,18.623269,,osm,way,1528764563
51.090973,22.286973,,osm,way,1530755348
54.811306,18.201626,,osm,way,1530815767
50.213249,18.648378,,osm,way,1530935769
53.215547,19.17415,,osm,way,1531458343
53.166218,15.421706,,osm,way,1531653856
51.063809,16.974989,,osm,way,1532470764
54.496298,16.89463,,osm,way,1533949251
51.904026,16.081931,,osm,way,1535148266
50.289982,22.431552,,osm,way,1535232203
50.180561,19.145102,,osm,way,1535492808
52.73244,19.118761,,osm,way,1536296928
50.342925,20.217934,,osm,way,1540063273
50.747357,19.151656,,osm,way,1540772023
50.093414,20.053723,,osm,way,1540940294
51.961869,17.515567,,osm,way,1541341112
53.821134,14.839148,,osm,way,1543034758
54.44735,16.959603,,osm,way,1544085257
54.365975,17.019762,,osm,way,1544625459
51.502393,16.066506,,osm,way,1544883787
54.335754,16.929191,,osm,way,1545066221
52.115555,16.927629,,osm,way,1545324811
51.321923,19.350716,,osm,way,1545387640
54.535918,18.459771,,osm,way,1546040134
52.687348,14.759967,,osm,way,1547210390
50.707622,23.584139,,osm,way,1548135679
50.722982,23.314754,,osm,way,1548176739
49.805873,21.511605,,osm,way,1548470852
51.13391,16.923032,,osm,way,1548672110
50.021353,19.874881,,osm,way,1549097866
51.207679,16.168652,,osm,way,1550583190
50.97046,21.470969,,osm,way,1551040279
50.908169,21.496641,,osm,way,1551967715
51.126819,23.474097,,osm,way,1551998822
52.285686,21.023556,,osm,way,1552515870
52.627467,19.18508,,osm,way,1552622697
50.044872,22.772699,,osm,way,1553210665
51.32318,16.912692,,osm,way,1553380017
50.043922,20.00203,,osm,relation,3073673
49.535825,20.577046,"Orlik",osm,relation,3342639
53.461561,14.556102,,osm,relation,7606542
53.455372,14.558324,,osm,relation,7625254
51.146134,15.010251,"Centrum Sportowo-Rekreacyjne (basen kryty)",osm,relation,7981313
50.246987,16.6321,,osm,relation,13405499
50.086602,20.024529,,osm,relation,21098715
